entry,name,size,params
0x00401000,"FUN_00401000",601,"void * param_1"
0x00401260,"FUN_00401260",16,""
0x00401270,"FUN_00401270",135,"ushort * param_1"
0x00401300,"operator==",93,"CStringT<wchar_t,StrTraitMFC<wchar_t,ATL::ChTraitsOS<wchar_t>_>_> * param_1;CStringT<wchar_t,StrTraitMFC<wchar_t,ATL::ChTraitsOS<wchar_t>_>_> * param_2"
0x00401360,"Compare",67,"CStringT<wchar_t,StrTraitMFC<wchar_t,ATL::ChTraitsOS<wchar_t>_>_> * this;wchar_t * param_1"
0x004013B0,"CloneData",105,"CStringData * param_1"
0x00401420,"FUN_00401420",32,"void * this;int * param_1"
0x00401440,"Empty",98,"CSimpleStringT<wchar_t,0> * this"
0x004014B0,"Fork",122,"CSimpleStringT<wchar_t,0> * this;int param_1"
0x00401530,"Reallocate",55,"CSimpleStringT<char,0> * this;int param_1"
0x00401570,"PrepareWrite2",76,"CSimpleStringT<char,0> * this;int param_1"
0x004015C0,"FID_conflict:PrepareWrite",43,"void * this;int param_1"
0x004015F0,"FUN_004015f0",27,"void * param_1;int param_2;void * param_3;int param_4"
0x00401610,"FUN_00401610",39,"void * this;int param_1"
0x00401640,"FUN_00401640",162,"void * this;void * param_1;int param_2"
0x004016F0,"StringLength",32,"wchar_t * param_1"
0x00401710,"FUN_00401710",59,"void * this;short * param_1"
0x00401750,"FID_conflict:operator=",63,"void * this;short * param_1"
0x00401790,"FUN_00401790",23,"undefined4 * param_1"
0x004017B0,"FUN_004017b0",39,"void * this;int * param_1"
0x004017E0,"CStringT<wchar_t,StrTraitMFC<wchar_t,ATL::ChTraitsOS<wchar_t>_>_>",40,"CStringT<wchar_t,StrTraitMFC<wchar_t,ATL::ChTraitsOS<wchar_t>_>_> * this"
0x00401810,"FUN_00401810",28,"undefined4 * param_1"
0x00401830,"FUN_00401830",6,""
0x00401840,"FUN_00401840",68,""
0x00401890,"FUN_00401890",36,"void * this;byte param_1"
0x004018C0,"FUN_004018c0",11,"CDialog * param_1"
0x004018D0,"FUN_004018d0",166,"void * this;CDataExchange * param_1"
0x00401980,"FUN_00401980",570,""
0x00401BC0,"FUN_00401bc0",490,""
0x00401DB0,"FUN_00401db0",14,"void * this;ushort param_1;CWnd * param_2"
0x00401DC0,"FUN_00401dc0",13,"int param_1"
0x00401DD0,"FUN_00401dd0",13,"int param_1"
0x00401DE0,"FUN_00401de0",3,""
0x00401DF0,"FUN_00401df0",126,"void * this;wchar_t * param_1;va_list param_2"
0x00401E70,"FUN_00401e70",20,"void * param_1;wchar_t * param_2"
0x00401E90,"FUN_00401e90",14,"void * param_1"
0x00401EA0,"FUN_00401ea0",287,"SIZE_T param_1"
0x00401FC0,"FUN_00401fc0",287,"SIZE_T param_1"
0x004020E0,"FUN_004020e0",767,""
0x004023E0,"FUN_004023e0",560,""
0x00402610,"FUN_00402610",6,""
0x00402620,"FUN_00402620",78,""
0x00402670,"FUN_00402670",137,"void * this;byte param_1"
0x00402700,"~CHttpConnection",48,"CHttpConnection * this"
0x00402730,"FUN_00402730",73,"void * this;CDataExchange * param_1"
0x00402780,"FUN_00402780",309,""
0x004028C0,"FUN_004028c0",253,""
0x004029C0,"FID_conflict:operator=",113,"void * this;undefined4 * param_1"
0x00402A40,"FID_conflict:operator=",19,"void * this;undefined4 * param_1"
0x00402A60,"FUN_00402a60",629,"void * param_1;undefined4 param_2"
0x00402CE0,"FUN_00402ce0",16,""
0x00402CF0,"FUN_00402cf0",232,"int param_1"
0x00402DE0,"FUN_00402de0",130,"SIZE_T param_1"
0x00402E70,"FUN_00402e70",464,"wchar_t * param_1"
0x00403040,"FUN_00403040",213,"CListCtrl * param_1"
0x00403120,"FUN_00403120",83,"void * this;int param_1"
0x00403180,"FUN_00403180",514,"void * this;uint param_1;int param_2"
0x00403390,"FUN_00403390",530,"void * this;uint param_1;int param_2"
0x004035B0,"FUN_004035b0",472,"undefined4 param_1"
0x00403790,"FUN_00403790",472,"undefined4 param_1"
0x00403970,"FUN_00403970",420,"undefined4 param_1"
0x00403B20,"FUN_00403b20",444,"undefined4 param_1"
0x00403CE0,"FUN_00403ce0",460,"undefined4 param_1"
0x00403EB0,"FUN_00403eb0",444,"undefined4 param_1"
0x00404070,"FUN_00404070",426,"undefined4 param_1"
0x00404220,"FUN_00404220",6,""
0x00404230,"FUN_00404230",36,"void * this;byte param_1"
0x00404260,"FUN_00404260",11,"CDialog * param_1"
0x00404270,"FUN_00404270",39,"void * this;CDataExchange * param_1"
0x004042A0,"FUN_004042a0",6,""
0x004042B0,"FUN_004042b0",36,"void * this;byte param_1"
0x004042E0,"FUN_004042e0",11,"CDialog * param_1"
0x004042F0,"FUN_004042f0",39,"void * this;CDataExchange * param_1"
0x00404320,"FUN_00404320",415,"void * param_1"
0x004044C0,"FUN_004044c0",16,""
0x004044D0,"FUN_004044d0",135,"ushort * param_1"
0x00404560,"FUN_00404560",102,"undefined4 * param_1"
0x004045D0,"FUN_004045d0",392,"void * this;int param_1"
0x00404760,"FUN_00404760",416,"int param_1"
0x00404910,"FUN_00404910",118,"int * param_1;LPCSTR param_2"
0x00404990,"FUN_00404990",191,"CSimpleStringT<char,0> * param_1;int * param_2;undefined4 * param_3"
0x00404A50,"FUN_00404a50",218,"CSimpleStringT<char,0> * param_1;int * param_2;short * param_3"
0x00404B30,"FUN_00404b30",131,"CSimpleStringT<char,0> * param_1;void * param_2;int param_3;void * param_4;int param_5"
0x00404BC0,"GetManager",35,"CStringT<wchar_t,StrTraitMFC<wchar_t,ATL::ChTraitsOS<wchar_t>_>_> * this"
0x00404BF0,"FUN_00404bf0",136,"void * this;LPCSTR param_1"
0x00404C80,"FUN_00404c80",6,""
0x00404C90,"FUN_00404c90",109,"CDialog * param_1"
0x00404D00,"FUN_00404d00",30,"void * this;byte param_1"
0x00404D20,"FUN_00404d20",107,"CDialog * param_1"
0x00404D90,"FUN_00404d90",100,"void * this;CDataExchange * param_1"
0x00404E00,"FUN_00404e00",6,""
0x00404E10,"FUN_00404e10",307,"int param_1"
0x00404F50,"FUN_00404f50",396,"int param_1"
0x004050E0,"FUN_004050e0",396,"int param_1"
0x00405270,"FUN_00405270",310,"int param_1"
0x004053B0,"FUN_004053b0",310,"int param_1"
0x004054F0,"FUN_004054f0",494,"CDialog * param_1"
0x004056E0,"FUN_004056e0",6,""
0x004056F0,"FUN_004056f0",244,"CDialog * param_1;undefined4 param_2"
0x004057F0,"FUN_004057f0",30,"void * this;byte param_1"
0x00405810,"FUN_00405810",225,"CDialog * param_1"
0x00405900,"FUN_00405900",316,"void * this;CDataExchange * param_1"
0x00405A40,"FUN_00405a40",6,""
0x00405A50,"Handler_00405A50",398,""
0x00405BF0,"Handler_00405BF0",405,""
0x00405D90,"FUN_00405d90",1137,"CDialog * param_1"
0x00406220,"FUN_00406220",191,"void * this;undefined4 param_1;LONG param_2;LONG param_3"
0x004062E0,"FUN_004062e0",618,"int * param_1"
0x00406550,"FUN_00406550",54,"void * this;wchar_t param_1;int param_2"
0x00406590,"FUN_00406590",127,"void * this;CSimpleStringT<wchar_t,0> * param_1;int param_2"
0x00406610,"Left",115,"CStringT<wchar_t,StrTraitMFC<wchar_t,ATL::ChTraitsOS<wchar_t>_>_> * this;int param_1"
0x00406690,"CSimpleStringT<wchar_t,0>",117,"CSimpleStringT<wchar_t,0> * this;wchar_t * param_1;int param_2;IAtlStringMgr * param_3"
0x00406710,"CStringT<wchar_t,StrTraitMFC<wchar_t,ATL::ChTraitsOS<wchar_t>_>_>",31,"CStringT<wchar_t,StrTraitMFC<wchar_t,ATL::ChTraitsOS<wchar_t>_>_> * this;wchar_t * param_1;int param_2;IAtlStringMgr * param_3"
0x00406730,"FUN_00406730",27,"void * this;LONG param_1;LONG param_2"
0x00406750,"FUN_00406750",18,"void * this;LPRECT param_1"
0x00406770,"`scalar_deleting_destructor'",30,"CComboBox * this;uint param_1"
0x00406790,"FUN_00406790",103,"HMODULE param_1;HRSRC param_2;uint param_3"
0x00406800,"FUN_00406800",50,"HMODULE param_1;uint param_2"
0x00406840,"FUN_00406840",34,"undefined4 param_1"
0x004068D0,"FUN_004068d0",197,"void * this;HMODULE param_1;uint param_2"
0x004069A0,"FUN_004069a0",37,"void * this;uint param_1"
0x004069D0,"FUN_004069d0",51,"void * this;uint param_1"
0x00406A10,"FUN_00406a10",190,"void * this;short * param_1"
0x00406AD0,"FUN_00406ad0",6,""
0x00406AE0,"FUN_00406ae0",132,"CDialog * param_1"
0x00406B70,"FUN_00406b70",30,"void * this;byte param_1"
0x00406B90,"FUN_00406b90",110,"CDialog * param_1"
0x00406C00,"FUN_00406c00",58,"void * this;CDataExchange * param_1"
0x00406C40,"FUN_00406c40",6,""
0x00406C50,"FUN_00406c50",255,""
0x00406D50,"FUN_00406d50",888,"void * param_1;undefined4 param_2"
0x004070D0,"FUN_004070d0",74,"int * param_1"
0x00407120,"FUN_00407120",66,"int * param_1"
0x00407170,"FUN_00407170",16,""
0x00407180,"FUN_00407180",77,"SIZE_T param_1"
0x004071D0,"FUN_004071d0",367,"int param_1"
0x00407340,"FUN_00407340",191,"void * this;ushort * param_1"
0x00407400,"FUN_00407400",178,"int param_1"
0x004074C0,"operator==",85,"CStringT<wchar_t,StrTraitMFC<wchar_t,ATL::ChTraitsOS<wchar_t>_>_> * param_1;wchar_t * param_2"
0x00407520,"FUN_00407520",6,""
0x00407530,"FUN_00407530",103,"CDialog * param_1"
0x004075A0,"FUN_004075a0",137,"void * this;byte param_1"
0x00407630,"~CHttpConnection",48,"CHttpConnection * this"
0x00407660,"FUN_00407660",43,"void * this;CDataExchange * param_1"
0x00407690,"FUN_00407690",184,""
0x00407750,"FUN_00407750",186,"undefined4 param_1;CListCtrl * param_2;int param_3"
0x00407810,"FUN_00407810",344,"int * param_1;int param_2"
0x00407970,"FUN_00407970",16,""
0x00407980,"FUN_00407980",170,"int param_1"
0x00407A30,"FUN_00407a30",354,"wchar_t * param_1"
0x00407BA0,"FUN_00407ba0",125,"void * this;SIZE_T param_1"
0x00407C20,"FUN_00407c20",185,"int param_1"
0x00407D00,"FUN_00407d00",1627,"void * param_1"
0x00408360,"FUN_00408360",16,""
0x00408370,"FUN_00408370",135,"ushort * param_1"
0x00408400,"FUN_00408400",88,"undefined4 param_1"
0x00408460,"FUN_00408460",113,"undefined4 param_1"
0x004084E0,"FUN_004084e0",239,"undefined4 param_1"
0x004085D0,"FUN_004085d0",87,"undefined4 param_1"
0x00408630,"FUN_00408630",102,""
0x004086A0,"FUN_004086a0",6,""
0x004086B0,"FUN_004086b0",6,""
0x004086C0,"FUN_004086c0",90,"CFrameWnd * param_1"
0x00408720,"FUN_00408720",30,"void * this;byte param_1"
0x00408740,"FUN_00408740",97,"CFrameWnd * param_1"
0x004087B0,"Handler_004087B0",180,""
0x00408870,"FUN_00408870",19,"int param_1"
0x00408890,"FUN_00408890",28,"CWnd * param_1"
0x004088B0,"FUN_004088b0",28,"CFrameWnd * param_1"
0x004088D0,"FUN_004088d0",439,""
0x00408A90,"FUN_00408a90",466,""
0x00408C70,"FUN_00408c70",98,"undefined4 param_1;int param_2;int param_3"
0x00408CE0,"FUN_00408ce0",6,""
0x00408CF0,"FUN_00408cf0",235,"CDialog * param_1"
0x00408DE0,"FUN_00408de0",30,"void * this;byte param_1"
0x00408E00,"FUN_00408e00",282,"CDialog * param_1"
0x00408F20,"FUN_00408f20",147,"void * this;CDataExchange * param_1"
0x00408FC0,"FUN_00408fc0",6,""
0x00408FD0,"FUN_00408fd0",890,"CDialog * param_1"
0x00409350,"FUN_00409350",310,"int param_1"
0x00409490,"`scalar_deleting_destructor'",30,"CComboBox * this;uint param_1"
0x004094B0,"FUN_004094b0",110,"undefined4 * param_1"
0x00409520,"FUN_00409520",65,"void * this;byte param_1"
0x00409570,"FUN_00409570",419,"void * this;int param_1"
0x00409720,"FUN_00409720",375,"int param_1"
0x004098A0,"FUN_004098a0",2143,"int * param_1;LPCWSTR param_2;ushort * param_3;int param_4;ushort * param_5;undefined1 * param_6"
0x0040A110,"FUN_0040a110",403,"void * this;ushort * param_1"
0x0040A2B0,"FUN_0040a2b0",375,"int param_1"
0x0040A430,"FUN_0040a430",78,""
0x0040A4A0,"FUN_0040a4a0",324,"int param_1"
0x0040A5F0,"FUN_0040a5f0",224,"CSimpleStringT<char,0> * param_1;short * param_2;int * param_3"
0x0040A6E0,"FUN_0040a6e0",101,""
0x0040A750,"FUN_0040a750",158,"void * this;LPCWSTR param_1"
0x0040A7F0,"FUN_0040a7f0",154,"void * this;int * param_1"
0x0040A890,"FUN_0040a890",142,"void * this;LPCWSTR param_1"
0x0040A920,"Empty",96,"CSimpleStringT<char,0> * this"
0x0040A980,"FUN_0040a980",185,"void * this;HMODULE param_1;uint param_2"
0x0040AA40,"FUN_0040aa40",252,"void * this;int param_1"
0x0040AB50,"FUN_0040ab50",10,""
0x0040AB60,"FUN_0040ab60",112,"undefined4 param_1"
0x0040ABE0,"FUN_0040abe0",112,"undefined4 param_1"
0x0040AC60,"FUN_0040ac60",115,"undefined4 param_1"
0x0040ACE0,"FUN_0040ace0",77,""
0x0040AD30,"FUN_0040ad30",41,"undefined4 * param_1"
0x0040AD60,"FUN_0040ad60",52,"void * this;int param_1"
0x0040ADA0,"FUN_0040ada0",98,"void * this;CListCtrl * param_1;int param_2"
0x0040AE10,"FUN_0040ae10",1149,"void * param_1"
0x0040B290,"FUN_0040b290",3288,"void * this;CListCtrl * param_1"
0x0040BF70,"FUN_0040bf70",3606,"CListCtrl * param_1;int param_2"
0x0040CD90,"FUN_0040cd90",6,""
0x0040CDA0,"FUN_0040cda0",152,"CDialog * param_1;undefined4 param_2"
0x0040CE40,"FUN_0040ce40",30,"void * this;byte param_1"
0x0040CE60,"FUN_0040ce60",120,"CDialog * param_1"
0x0040CEE0,"FUN_0040cee0",22,"void * this;CDataExchange * param_1"
0x0040CF00,"FUN_0040cf00",6,""
0x0040CF10,"FUN_0040cf10",606,"CDialog * param_1"
0x0040D170,"Handler_0040D170",132,""
0x0040D200,"FUN_0040d200",25,"void * this;LPARAM param_1"
0x0040D220,"`scalar_deleting_destructor'",30,"CComboBox * this;uint param_1"
0x0040D240,"FUN_0040d240",6,""
0x0040D250,"FUN_0040d250",1143,"CDialog * param_1"
0x0040D6D0,"FUN_0040d6d0",30,"void * this;byte param_1"
0x0040D6F0,"FUN_0040d6f0",1150,"CDialog * param_1"
0x0040DB70,"FUN_0040db70",1245,"void * this;CDataExchange * param_1"
0x0040E050,"FUN_0040e050",6,""
0x0040E060,"FUN_0040e060",912,""
0x0040E460,"FUN_0040e460",3527,""
0x0040F230,"FUN_0040f230",1799,"wchar_t * param_1"
0x0040F940,"FUN_0040f940",42,"CDialog * param_1"
0x0040F970,"FUN_0040f970",261,"CWnd * param_1"
0x0040FA80,"`scalar_deleting_destructor'",30,"CComboBox * this;uint param_1"
0x0040FAA0,"FUN_0040faa0",136,"int * param_1;int param_2"
0x0040FB30,"FUN_0040fb30",41,"int param_1"
0x0040FB80,"FUN_0040fb80",19,""
0x0040FBA0,"FUN_0040fba0",98,"void * this;int param_1;int param_2;void * param_3"
0x0040FC10,"FUN_0040fc10",746,"void * this;int param_1"
0x0040FF00,"FUN_0040ff00",147,"void * this;int param_1;int param_2"
0x0040FFA0,"FUN_0040ffa0",1134,""
0x00410410,"FUN_00410410",3273,"int param_1;CListCtrl * param_2"
0x004110E0,"FUN_004110e0",3409,"int param_1"
0x00411E40,"FUN_00411e40",1514,"SIZE_T param_1"
0x00412430,"FUN_00412430",1485,"SIZE_T param_1"
0x00412A00,"FUN_00412a00",62,"undefined4 param_1"
0x00412A40,"FUN_00412a40",210,"int param_1;undefined4 param_2"
0x00412B20,"FUN_00412b20",1408,"int param_1;int param_2;int param_3;undefined4 * param_4"
0x004130A0,"FUN_004130a0",158,"void * this;LPCSTR param_1"
0x00413140,"FUN_00413140",205,"SIZE_T param_1"
0x00413210,"FUN_00413210",444,"int param_1;SIZE_T param_2;SIZE_T param_3"
0x004133D0,"FUN_004133d0",1029,"void * this;ushort * param_1;int * param_2"
0x004137E0,"FUN_004137e0",380,"void * this;undefined4 param_1;SIZE_T param_2"
0x00413960,"FUN_00413960",398,"void * this;int param_1"
0x00413AF0,"FUN_00413af0",444,"void * this;ushort * param_1"
0x00413CB0,"FUN_00413cb0",6,""
0x00413CC0,"FUN_00413cc0",212,"CWnd * param_1"
0x00413DA0,"FUN_00413da0",30,"void * this;byte param_1"
0x00413DC0,"FUN_00413dc0",111,"CComboBox * param_1"
0x00413E30,"FUN_00413e30",6,""
0x00413E40,"FUN_00413e40",456,"CWnd * param_1"
0x00414010,"FUN_00414010",116,"LPCWSTR param_1"
0x00414090,"FUN_00414090",90,""
0x004140F0,"FUN_004140f0",132,"size_t param_1"
0x00414180,"FUN_00414180",192,""
0x00414240,"FUN_00414240",269,"void * this;LONG param_1;LONG param_2;byte param_3"
0x00414350,"~CAtlSafeAllocBufferManager<ATL::CCRTAllocator>",30,"CAtlSafeAllocBufferManager<ATL::CCRTAllocator> * this"
0x00414370,"FUN_00414370",149,"int param_1"
0x00414430,"AtlAdd<>",34,"int * param_1;int param_2;uint param_3"
0x00414460,"FUN_00414460",35,"void * param_1;rsize_t param_2;void * param_3;rsize_t param_4"
0x00414490,"FUN_00414490",37,"void * this;byte param_1"
0x004144C0,"FUN_004144c0",71,"int param_1"
0x00414510,"FUN_00414510",834,"void * this;int param_1"
0x00414860,"FUN_00414860",227,"void * param_1;LPCWSTR param_2"
0x00414950,"FUN_00414950",72,""
0x004149A0,"FUN_004149a0",45,""
0x004149D0,"FUN_004149d0",260,"HDC param_1;int param_2;int param_3;int param_4;int param_5;RGBQUAD param_6"
0x00414AE0,"FUN_00414ae0",18,"void * this;LPRECT param_1"
0x00414B00,"FUN_00414b00",11,"CImageList * param_1"
0x00414B10,"`scalar_deleting_destructor'",30,"CImageList * this;uint param_1"
0x00414B30,"~CImageList",115,"CImageList * this"
0x00414BA3,"Catch@00414ba3",145,""
0x00414C40,"FUN_00414c40",36,"void * this;byte param_1"
0x00414C70,"FUN_00414c70",42,"int * param_1"
0x00414CA0,"FUN_00414ca0",130,"undefined4 * param_1"
0x00414D30,"FUN_00414d30",30,"void * this;byte param_1"
0x00414D50,"FUN_00414d50",370,"void * param_1"
0x00414ED0,"FUN_00414ed0",16,""
0x00414EE0,"FUN_00414ee0",136,"ushort * param_1"
0x00414F70,"FUN_00414f70",65,"int param_1"
0x00414FC0,"FUN_00414fc0",6,""
0x00414FD0,"FUN_00414fd0",30,"void * this;byte param_1"
0x00414FF0,"FUN_00414ff0",383,"CWinApp * param_1"
0x00415170,"FUN_00415170",30,"void * this;byte param_1"
0x00415190,"~CDialog",5,"CDialog * this"
0x004151A0,"FUN_004151a0",115,""
0x00415220,"FUN_00415220",92,""
0x00415280,"FUN_00415280",6,""
0x00415290,"FUN_00415290",6,""
0x004152A0,"FUN_004152a0",36,"void * this;byte param_1"
0x004152D0,"FUN_004152d0",12,"int * param_1"
0x004152E0,"FUN_004152e0",10,"void * this;undefined4 param_1"
0x004152F0,"FUN_004152f0",4,"int param_1"
0x00415300,"FUN_00415300",106,""
0x00415370,"FUN_00415370",6,""
0x00415380,"FUN_00415380",6,""
0x00415390,"FUN_00415390",174,""
0x00415440,"FUN_00415440",59,"void * this;byte param_1"
0x00415480,"thunk_FUN_0042f350",5,"void * this;tagCREATESTRUCTW * param_1"
0x00415490,"FUN_00415490",74,"int * param_1"
0x004154E0,"Handler_004154E0",33,""
0x00415510,"FUN_00415510",259,"int param_1"
0x004156F0,"FUN_004156f0",267,"CListCtrl * param_1"
0x00415800,"FUN_00415800",498,"int param_1;void * param_2;int param_3"
0x00415A00,"FUN_00415a00",549,"ushort * param_1;int param_2"
0x00415C30,"FUN_00415c30",2126,"CListCtrl * param_1"
0x00416490,"FUN_00416490",29,"CListCtrl * param_1"
0x004164B0,"FUN_004164b0",96,"int param_1"
0x00416510,"FUN_00416510",212,"int param_1"
0x004165F0,"Handler_004165F0",12,""
0x00416600,"Handler_00416600",12,""
0x00416610,"Handler_00416610",12,""
0x00416620,"Handler_00416620",12,""
0x00416630,"Handler_00416630",12,""
0x00416640,"Handler_00416640",12,""
0x00416650,"Handler_00416650",12,""
0x00416660,"Handler_00416660",12,""
0x00416670,"Handler_00416670",12,""
0x00416680,"Handler_00416680",12,""
0x00416690,"Handler_00416690",12,""
0x004166A0,"Handler_004166A0",12,""
0x004166B0,"Handler_004166B0",12,""
0x004166C0,"Handler_004166C0",12,""
0x004166D0,"Handler_004166D0",12,""
0x004166E0,"Handler_004166E0",12,""
0x004166F0,"Handler_004166F0",12,""
0x00416700,"Handler_00416700",12,""
0x00416710,"Handler_00416710",12,""
0x00416720,"Handler_00416720",12,""
0x00416730,"Handler_00416730",12,""
0x00416740,"Handler_00416740",12,""
0x00416750,"FUN_00416750",213,"int param_1"
0x00416830,"FUN_00416830",220,"CListCtrl * param_1"
0x00416910,"FUN_00416910",212,"int param_1"
0x004169F0,"FUN_004169f0",104,"int param_1"
0x00416A60,"FUN_00416a60",45,"int param_1"
0x00416A90,"Handler_00416A90",76,""
0x00416AE0,"Handler_00416AE0",76,""
0x00416B30,"Handler_00416B30",76,""
0x00416B80,"Handler_00416B80",76,""
0x00416BD0,"FUN_00416bd0",265,"int param_1"
0x00416CE0,"Handler_00416CE0",111,""
0x00416D50,"Handler_00416D50",111,""
0x00416DC0,"Handler_00416DC0",111,""
0x00416E30,"Handler_00416E30",111,""
0x00416EA0,"FUN_00416ea0",294,"int param_1"
0x00416FD0,"Handler_00416FD0",111,""
0x00417040,"Handler_00417040",111,""
0x004170B0,"Handler_004170B0",111,""
0x00417120,"Handler_00417120",111,""
0x00417190,"FUN_00417190",294,"int param_1"
0x004172C0,"Handler_004172C0",95,""
0x00417320,"Handler_00417320",95,""
0x00417380,"Handler_00417380",85,""
0x004173E0,"Handler_004173E0",85,""
0x00417440,"Handler_00417440",85,""
0x004174A0,"Handler_004174A0",85,""
0x00417500,"Handler_00417500",85,""
0x00417560,"Handler_00417560",96,""
0x004175C0,"Handler_004175C0",96,""
0x00417620,"Handler_00417620",96,""
0x00417680,"FUN_00417680",232,"int param_1"
0x00417770,"FUN_00417770",232,"int param_1"
0x00417860,"Handler_00417860",35,""
0x00417890,"Handler_00417890",35,""
0x004178C0,"Handler_004178C0",35,""
0x004178F0,"Handler_004178F0",35,""
0x00417920,"Handler_00417920",35,""
0x00417950,"Handler_00417950",38,""
0x00417980,"Handler_00417980",38,""
0x004179B0,"Handler_004179B0",38,""
0x004179E0,"Handler_004179E0",38,""
0x00417A10,"Handler_00417A10",38,""
0x00417A40,"Handler_00417A40",38,""
0x00417A70,"Handler_00417A70",38,""
0x00417AA0,"Handler_00417AA0",38,""
0x00417AD0,"Handler_00417AD0",38,""
0x00417B00,"Handler_00417B00",38,""
0x00417B30,"Handler_00417B30",38,""
0x00417B60,"Handler_00417B60",38,""
0x00417B90,"Handler_00417B90",38,""
0x00417BC0,"Handler_00417BC0",38,""
0x00417BF0,"Handler_00417BF0",38,""
0x00417C20,"Handler_00417C20",38,""
0x00417C50,"Handler_00417C50",38,""
0x00417C80,"FUN_00417c80",726,""
0x00417F60,"FUN_00417f60",382,"void * this;undefined4 param_1;undefined4 * param_2"
0x004180E0,"FUN_004180e0",142,"int param_1"
0x00418170,"FUN_00418170",141,"int param_1"
0x00418200,"thunk_FUN_00415c30",5,"CListCtrl * param_1"
0x00418210,"FUN_00418210",181,"CListCtrl * param_1"
0x004182D0,"Handler_004182D0",18,""
0x004182F0,"FUN_004182f0",617,"CListCtrl * param_1"
0x00418560,"Handler_00418560",256,""
0x00418660,"Handler_00418660",18,""
0x00418680,"FUN_00418680",609,"CListCtrl * param_1"
0x004188F0,"FUN_004188f0",463,"int param_1"
0x00418AC0,"operator!=",85,"wchar_t * param_1;CStringT<wchar_t,StrTraitMFC<wchar_t,ATL::ChTraitsOS<wchar_t>_>_> * param_2"
0x00418B20,"FUN_00418b20",24,"void * this;int param_1"
0x00418B40,"FUN_00418b40",11,"CMenu * param_1"
0x00418B50,"FUN_00418b50",36,"void * this;byte param_1"
0x00418B80,"FUN_00418b80",30,"void * this;byte param_1"
0x00418BC0,"FUN_00418bc0",220,"void * param_1"
0x00418CA0,"FUN_00418ca0",16,""
0x00418CB0,"FUN_00418cb0",135,"ushort * param_1"
0x00418D40,"FUN_00418d40",32,"int param_1"
0x00418D60,"FUN_00418d60",163,"void * param_1"
0x00418E10,"FUN_00418e10",16,""
0x00418E20,"FUN_00418e20",135,"ushort * param_1"
0x00418EB0,"FUN_00418eb0",6,""
0x00418EC0,"FUN_00418ec0",158,"CDialog * param_1"
0x00418F60,"FUN_00418f60",30,"void * this;byte param_1"
0x00418F80,"FUN_00418f80",172,"CDialog * param_1"
0x00419030,"FUN_00419030",130,"void * this;CDataExchange * param_1"
0x004190C0,"FUN_004190c0",437,""
0x00419280,"FUN_00419280",310,"wchar_t * param_1"
0x004193C0,"FUN_004193c0",160,"CDialog * param_1"
0x00419470,"FUN_00419470",346,"int * param_1;int param_2"
0x004195D0,"FUN_004195d0",31,"int * param_1"
0x004195F0,"FUN_004195f0",19,""
0x00419610,"FUN_00419610",706,""
0x004198E0,"FUN_004198e0",258,"SIZE_T param_1"
0x004199F0,"FUN_004199f0",661,"void * this;CListCtrl * param_1"
0x00419C90,"FUN_00419c90",397,"void * this;CListCtrl * param_1"
0x00419E20,"FUN_00419e20",3840,"void * param_1"
0x0041AD20,"FUN_0041ad20",19,""
0x0041AD40,"FUN_0041ad40",138,"ushort * param_1"
0x0041ADCA,"thunk_FUN_0041b240",5,""
0x0041ADCF,"AfxSetNewHandler",23,"_func_int_uint * param_1"
0x0041ADE6,"FUN_0041ade6",42,"size_t param_1"
0x0041AE15,"FUN_0041ae15",11,"void * param_1"
0x0041AE20,"FUN_0041ae20",6,""
0x0041AE26,"Allocate",63,"CAfxStringMgr * this;int param_1;int param_2"
0x0041AE65,"Reallocate",50,"CAfxStringMgr * this;CStringData * param_1;int param_2;int param_3"
0x0041AE97,"AtlMultiply<unsigned_long>",36,"ulong * param_1;ulong param_2;ulong param_3"
0x0041AEBB,"AtlMultiplyThrow<unsigned_int>",39,"uint param_1;uint param_2"
0x0041AF05,"FUN_0041af05",14,"int param_1"
0x0041AF13,"FUN_0041af13",6,""
0x0041AF19,"AtlCoTaskMemCAlloc",47,"ulong param_1;ulong param_2"
0x0041AF48,"FUN_0041af48",24,"undefined4 * param_1"
0x0041AF60,"FUN_0041af60",66,"undefined4 * param_1"
0x0041AFA3,"GetErrorMessage",89,"COleException * this;wchar_t * param_1;uint param_2;uint * param_3"
0x0041AFFC,"AtlCrtErrorCheck",58,"int param_1"
0x0041B036,"FUN_0041b036",34,"void * this;byte param_1"
0x0041B058,"AppendChar",47,"CSimpleStringT<wchar_t,0> * this;wchar_t param_1"
0x0041B087,"operator+=",29,"CSimpleStringT<wchar_t,0> * this;char param_1"
0x0041B0A4,"Append",125,"CSimpleStringT<wchar_t,0> * this;wchar_t * param_1;int param_2"
0x0041B121,"Append",33,"CSimpleStringT<wchar_t,0> * this;wchar_t * param_1"
0x0041B142,"FID_conflict:operator+=",23,"void * this;wchar_t * param_1"
0x0041B159,"FID_conflict:operator+=",23,"void * this;wchar_t * param_1"
0x0041B170,"FUN_0041b170",14,"int * param_1"
0x0041B17E,"FUN_0041b17e",11,"int * param_1"
0x0041B189,"ReportError",116,"CException * this;uint param_1;uint param_2"
0x0041B1FD,"FUN_0041b1fd",6,""
0x0041B203,"FUN_0041b203",6,""
0x0041B209,"FUN_0041b209",6,""
0x0041B20F,"FUN_0041b20f",6,""
0x0041B215,"InitString",43,"CSimpleException * this"
0x0041B240,"FUN_0041b240",27,""
0x0041B25C,"FUN_0041b25c",27,""
0x0041B278,"FUN_0041b278",27,""
0x0041B2C3,"FUN_0041b2c3",10,"int param_1"
0x0041B2CD,"FUN_0041b2cd",17,"void * this;undefined4 param_1"
0x0041B2DE,"GetErrorMessage",87,"CSimpleException * this;wchar_t * param_1;uint param_2;uint * param_3"
0x0041B335,"FUN_0041b335",34,"void * this;byte param_1"
0x0041B357,"AfxDlgProc",62,"HWND__ * param_1;uint param_2;uint param_3;long param_4"
0x0041B395,"~CDialog",55,"CDialog * this"
0x0041B3CC,"Handler_0041B3CC",67,""
0x0041B40F,"FUN_0041b40f",18,"void * this;undefined4 param_1"
0x0041B421,"FUN_0041b421",4,"int param_1"
0x0041B425,"CDialog",61,"CDialog * this;uint param_1;CWnd * param_2"
0x0041B462,"EndDialog",42,"CDialog * this;int param_1"
0x0041B48C,"OnOK",27,"CDialog * this"
0x0041B4A7,"FUN_0041b4a7",8,"CDialog * param_1"
0x0041B4AF,"Handler_0041B4AF",19,""
0x0041B4C2,"FUN_0041b4c2",6,""
0x0041B4C8,"Handler_0041B4C8",8,""
0x0041B4D0,"AfxGetMainWnd",19,""
0x0041B4E3,"SendMessageA",27,"CWnd * this;uint param_1;uint param_2;long param_3"
0x0041B4FE,"FID_conflict:GetNextDlgGroupItem",38,"HWND hDlg;HWND hCtl;BOOL bPrevious"
0x0041B524,"PreTranslateMessage",160,"CDialog * this;tagMSG * param_1"
0x0041B5C4,"OnCmdMsg",138,"void * this;uint param_1;int param_2;void * param_3;AFX_CMDHANDLERINFO * param_4"
0x0041B64E,"FUN_0041b64e",33,"void * this;byte param_1"
0x0041B66F,"PreModal",60,"CDialog * this"
0x0041B6AB,"PostModal",68,"CDialog * this"
0x0041B6EF,"HandleSetFont",39,"CDialog * this;uint param_1;long param_2"
0x0041B716,"Handler_0041B716",136,""
0x0041B79E,"AfxHelpEnabled",88,""
0x0041B7F6,"OnInitDialog",99,"CDialog * this"
0x0041B859,"CheckAutoCenter",157,"CDialog * this"
0x0041B8F6,"OnCommandHelp",67,"CDialog * this;uint param_1;long param_2"
0x0041B939,"FUN_0041b939",6,""
0x0041B93F,"FUN_0041b93f",300,"void * this;LPCDLGTEMPLATEW param_1;int param_2;HINSTANCE param_3"
0x0041BA6B,"Catch@0041ba6b",29,""
0x0041BA8F,"FUN_0041ba8f",107,""
0x0041BAFA,"FUN_0041bafa",331,"CDialog * param_1"
0x0041BC45,"Catch@0041bc45",29,""
0x0041BC6A,"FUN_0041bc6a",92,""
0x0041BCC6,"CreateIndirect",45,"CDialog * this;DLGTEMPLATE * param_1;CWnd * param_2;void * param_3;HINSTANCE__ * param_4"
0x0041BCF3,"CreateIndirect",38,"CDialog * this;void * param_1;CWnd * param_2;HINSTANCE__ * param_3"
0x0041BD19,"CreateIndirect",25,"CDialog * this;DLGTEMPLATE * param_1;CWnd * param_2;void * param_3"
0x0041BD32,"Create",94,"void * this;LPCWSTR param_1;CWnd * param_2"
0x0041BD90,"CreateIndirect",22,"CDialog * this;void * param_1;CWnd * param_2"
0x0041BDA6,"PrepareCtrl",65,"CDataExchange * this;int param_1"
0x0041BDE7,"Fail",81,"CDataExchange * this"
0x0041BE38,"DDX_Control",139,"CDataExchange * param_1;int param_2;CWnd * param_3"
0x0041BEC3,"StringLengthN",21,"wchar_t * param_1;uint param_2"
0x0041BED8,"PrepareEditCtrl",28,"CDataExchange * this;int param_1"
0x0041BEF4,"_Afx_DDX_TextWithFormat",218,"CDataExchange * param_1;int param_2;wchar_t * param_3;uint param_4"
0x0041BFCE,"DDX_Text",49,"CDataExchange * param_1;int param_2;undefined4 * param_3"
0x0041BFFF,"ReleaseBuffer",42,"CSimpleStringT<wchar_t,0> * this;int param_1"
0x0041C029,"_AfxFailMinMaxWithFormat",282,"CDataExchange * param_1;__int64 param_2;__int64 param_3;wchar_t * param_4;uint param_5"
0x0041C143,"FID_conflict:DDV_MinMaxDWord",50,"CDataExchange * param_1;uint param_2;uint param_3;uint param_4"
0x0041C175,"DDV_MaxChars",176,"CDataExchange * param_1;CStringT<wchar_t,StrTraitMFC<wchar_t,ATL::ChTraitsCRT<wchar_t>_>_> * param_2;int param_3"
0x0041C225,"GetBufferSetLength",37,"CSimpleStringT<wchar_t,0> * this;int param_1"
0x0041C24A,"DDX_Text",84,"CDataExchange * param_1;int param_2;CStringT<wchar_t,StrTraitMFC<wchar_t,ATL::ChTraitsCRT<wchar_t>_>_> * param_3"
0x0041C29E,"DDX_CBString",148,"CDataExchange * param_1;int param_2;CStringT<wchar_t,StrTraitMFC<wchar_t,ATL::ChTraitsCRT<wchar_t>_>_> * param_3"
0x0041C332,"SetItemText",45,"CListCtrl * this;int param_1;int param_2;wchar_t * param_3"
0x0041C35F,"FUN_0041c35f",6,""
0x0041C365,"FUN_0041c365",18,"void * param_1"
0x0041C377,"CreateRectRgnIndirect",30,"CRgn * this;tagRECT * param_1"
0x0041C395,"ReleaseDC",24,"CWnd * this;CDC * param_1"
0x0041C3AD,"GetCurSel",19,"CListBox * this"
0x0041C3C0,"SetCurSel",28,"CListBox * this;int param_1"
0x0041C3DC,"SetItemData",29,"CListBox * this;int param_1;ulong param_2"
0x0041C3F9,"SetPermanent",25,"CHandleMap * this;void * param_1;CObject * param_2"
0x0041C412,"InsertItem",28,"CListCtrl * this;tagLVITEMW * param_1"
0x0041C42E,"InsertColumn",29,"CListCtrl * this;int param_1;tagLVCOLUMNW * param_2"
0x0041C44B,"InsertColumn",76,"void * this;int param_1;undefined4 param_2;undefined4 param_3;int param_4;int param_5"
0x0041C497,"InsertItem",67,"void * this;undefined4 param_1;undefined4 param_2;undefined4 param_3;undefined4 param_4;undefined4 param_5;undefined4 param_6;undefined4 param_7"
0x0041C4F4,"GetBuffer",28,"CSimpleStringT<wchar_t,0> * this"
0x0041C510,"FUN_0041c510",26,"undefined4 * param_1"
0x0041C52A,"GetModuleHandleA",52,"CDllIsolationWrapperBase * this"
0x0041C55E,"FID_conflict:GetProcAddress_GetSaveFileNameW",47,"void * this;undefined4 * param_1"
0x0041C58D,"_ImageList_Destroy",117,"CComCtlWrapper * this;_IMAGELIST * param_1"
0x0041C602,"FUN_0041c602",54,""
0x0041C638,"AfxImageList_Destroy",27,"_IMAGELIST * param_1"
0x0041C653,"afxMapHIMAGELIST",116,"int param_1"
0x0041C6C7,"Detach",44,"CImageList * this"
0x0041C6F3,"DeleteImageList",21,"CImageList * this"
0x0041C708,"FromHandle",20,"void * param_1"
0x0041C71C,"FromHandlePermanent",33,"_IMAGELIST * param_1"
0x0041C73D,"GetItemText",128,"CListCtrl * this;int param_1;int param_2"
0x0041C7BD,"Append",23,"CSimpleStringT<wchar_t,0> * this;CSimpleStringT<wchar_t,0> * param_1"
0x0041C7D4,"~CImageList",36,"CImageList * this"
0x0041C7F8,"Catch@0041c7f8",167,""
0x0041C89F,"FUN_0041c89f",23,"void * this;CSimpleStringT<wchar_t,0> * param_1"
0x0041C8B6,"`scalar_deleting_destructor'",33,"CImageList * this;uint param_1"
0x0041C8D7,"operator+=",23,"CStringT<wchar_t,StrTraitMFC<wchar_t,ATL::ChTraitsCRT<wchar_t>_>_> * this;CSimpleStringT<wchar_t,0> * param_1"
0x0041C8EE,"FUN_0041c8ee",39,"void * this;byte param_1"
0x0041C915,"_IsPlatformNT",90,""
0x0041C96F,"_InitMultipleMonitorStubs",266,""
0x0041CA79,"xMonitorFromRect",81,"int * param_1;byte param_2"
0x0041CACA,"xMonitorFromWindow",109,"HWND param_1;uint param_2"
0x0041CB37,"xGetMonitorInfo",198,"int param_1;uint * param_2"
0x0041CBFD,"AtlIAccessibleInvokeHelper",1406,"IAccessible * param_1;long param_2;_GUID * param_3;ulong param_4;ushort param_5;tagDISPPARAMS * param_6;tagVARIANT * param_7;tagEXCEPINFO * param_8;uint * param_9"
0x0041D1C9,"AtlIAccessibleGetIDsOfNamesHelper",98,"_GUID * param_1;wchar_t * * param_2;uint param_3;ulong param_4;long * param_5"
0x0041D22B,"CWnd",75,"CWnd * this;HWND__ * param_1"
0x0041D276,"_AfxModifyStyle",82,"HWND__ * param_1;int param_2;ulong param_3;ulong param_4;uint param_5"
0x0041D2C8,"ModifyStyle",28,"HWND__ * param_1;ulong param_2;ulong param_3;uint param_4"
0x0041D2E4,"ModifyStyleEx",28,"HWND__ * param_1;ulong param_2;ulong param_3;uint param_4"
0x0041D300,"FUN_0041d300",16,"int param_1"
0x0041D310,"FUN_0041d310",17,"int * param_1"
0x0041D321,"FID_conflict:DefWindowProcA",73,"HWND hWnd;UINT Msg;WPARAM wParam;LPARAM lParam"
0x0041D36A,"FUN_0041d36a",4,"int param_1"
0x0041D36E,"PreTranslateMessage",33,"CWnd * this;tagMSG * param_1"
0x0041D38F,"OnToolHitTest",115,"void * this;LONG param_1;LONG param_2;uint * param_3"
0x0041D402,"AfxFindMessageEntry",66,"AFX_MSGMAP_ENTRY * param_1;uint param_2;uint param_3;uint param_4"
0x0041D444,"WindowProc",70,"CWnd * this;uint param_1;uint param_2;long param_3"
0x0041D48A,"CTestCmdUI",27,"CTestCmdUI * this"
0x0041D4A5,"FUN_0041d4a5",22,"void * this;undefined4 param_1"
0x0041D4BB,"GetNext",30,"CPtrList * this;__POSITION * * param_1"
0x0041D4D9,"AfxRepositionWindow",142,"AFX_SIZEPARENTPARAMS * param_1;HWND__ * param_2;tagRECT * param_3"
0x0041D567,"CalcWindowRect",49,"CWnd * this;tagRECT * param_1;uint param_2"
0x0041D598,"FUN_0041d598",6,""
0x0041D59E,"GetIDsOfNames",29,"_GUID * param_1;wchar_t * * param_2;uint param_3;ulong param_4;long * param_5"
0x0041D5BB,"FUN_0041d5bb",31,"undefined4 param_1;undefined4 * param_2"
0x0041D5DA,"FUN_0041d5da",31,"undefined4 param_1;undefined4 * param_2"
0x0041D5F9,"FUN_0041d5f9",31,"int param_1"
0x0041D618,"FUN_0041d618",21,"void * this;undefined4 param_1"
0x0041D62D,"FUN_0041d62d",21,"void * this;undefined4 param_1"
0x0041D642,"get_accChild",37,"CWnd * this;tagVARIANT param_1;IDispatch * * param_2"
0x0041D667,"get_accName",37,"CWnd * this;tagVARIANT param_1;wchar_t * * param_2"
0x0041D68C,"get_accValue",37,"CWnd * this;tagVARIANT param_1;wchar_t * * param_2"
0x0041D6B1,"get_accDescription",37,"CWnd * this;tagVARIANT param_1;wchar_t * * param_2"
0x0041D6D6,"get_accRole",37,"CWnd * this;tagVARIANT param_1;tagVARIANT * param_2"
0x0041D6FB,"get_accState",37,"CWnd * this;tagVARIANT param_1;tagVARIANT * param_2"
0x0041D720,"get_accHelp",37,"CWnd * this;tagVARIANT param_1;wchar_t * * param_2"
0x0041D745,"get_accHelpTopic",40,"CWnd * this;wchar_t * * param_1;tagVARIANT param_2;long * param_3"
0x0041D76D,"get_accKeyboardShortcut",37,"CWnd * this;tagVARIANT param_1;wchar_t * * param_2"
0x0041D792,"FUN_0041d792",21,"void * this;undefined4 param_1"
0x0041D7A7,"FUN_0041d7a7",21,"void * this;undefined4 param_1"
0x0041D7BC,"get_accDefaultAction",37,"CWnd * this;tagVARIANT param_1;wchar_t * * param_2"
0x0041D7E1,"accSelect",37,"CWnd * this;long param_1;tagVARIANT param_2"
0x0041D806,"accLocation",46,"CWnd * this;long * param_1;long * param_2;long * param_3;long * param_4;tagVARIANT param_5"
0x0041D834,"accNavigate",40,"CWnd * this;long param_1;tagVARIANT param_2;tagVARIANT * param_3"
0x0041D85C,"FUN_0041d85c",27,"void * this;undefined4 param_1;undefined4 param_2;undefined4 param_3"
0x0041D877,"accDoDefaultAction",34,"CWnd * this;tagVARIANT param_1"
0x0041D899,"FUN_0041d899",37,"void * this;undefined4 param_1;undefined4 param_2;undefined4 param_3;undefined4 param_4;undefined4 param_5"
0x0041D8BE,"FUN_0041d8be",17,"void * this;undefined4 param_1"
0x0041D8CF,"GrayCtlColor",119,"HDC__ * param_1;HWND__ * param_2;uint param_3;HBRUSH__ * param_4;ulong param_5"
0x0041D946,"PreTranslateInput",53,"CWnd * this;tagMSG * param_1"
0x0041D97B,"FUN_0041d97b",7,"int param_1"
0x0041D982,"IsTracking",31,"CFrameWnd * this"
0x0041D9A1,"FUN_0041d9a1",27,"undefined4 * param_1"
0x0041D9BC,"FUN_0041d9bc",27,"undefined4 param_1;undefined4 * param_2"
0x0041D9D7,"FUN_0041d9d7",4,"int param_1"
0x0041D9DB,"FUN_0041d9db",6,""
0x0041D9E1,"FUN_0041d9e1",11,"void * this;__POSITION * * param_1"
0x0041D9EC,"QueryInterface<IAccessibleProxy>",25,"IAccessibleProxy * * param_1"
0x0041DA05,"FID_conflict:AfxCtxRegisterClassA",91,"WNDCLASSW * param_1"
0x0041DA60,"FUN_0041da60",55,""
0x0041DA97,"FID_conflict:AfxCtxGetClassInfoW",93,"HINSTANCE param_1;LPCWSTR param_2;LPWNDCLASSW param_3"
0x0041DAF6,"FUN_0041daf6",53,""
0x0041DB2B,"FID_conflict:AfxCtxGetClassInfoExW",93,"HINSTANCE param_1;LPCWSTR param_2;LPWNDCLASSEXW param_3"
0x0041DB8A,"FUN_0041db8a",53,""
0x0041DBBF,"FID_conflict:AfxCtxCreateWindowExW",120,"DWORD param_1;LPCWSTR param_2;LPCWSTR param_3;DWORD param_4;int param_5;int param_6;int param_7;int param_8;HWND param_9;HMENU param_10;HINSTANCE param_11;LPVOID param_12"
0x0041DC39,"FUN_0041dc39",53,""
0x0041DC6E,"AfxCtxMessageBoxW",96,"HWND__ * param_1;wchar_t * param_2;wchar_t * param_3;uint param_4"
0x0041DCD0,"FUN_0041dcd0",53,""
0x0041DD05,"AfxCtxLoadLibraryA",87,"char * param_1"
0x0041DD5E,"FUN_0041dd5e",53,""
0x0041DD93,"FUN_0041dd93",16,"int param_1"
0x0041DDA3,"GetMenuItemID",21,"CMenu * this;int param_1"
0x0041DDB8,"CWaitCursor",22,"CWaitCursor * this"
0x0041DDCE,"FUN_0041ddce",32,"PCNZWCH param_1;PCNZWCH param_2"
0x0041DDEE,"Lock",52,"CInternalGlobalLock * this;int param_1"
0x0041DE22,"Unlock",28,"CInternalGlobalLock * this"
0x0041DE3E,"CWnd",69,"CWnd * this"
0x0041DE83,"FUN_0041de83",33,"CWnd * param_1;LPRECT param_2;ulong * param_3"
0x0041DEA4,"FUN_0041dea4",29,"void * this;int param_1"
0x0041DEC1,"CreateEx",75,"void * this;undefined4 param_1;undefined4 param_2;undefined4 param_3;undefined4 param_4;int * param_5;int param_6;undefined4 param_7;undefined4 param_8"
0x0041DF0C,"Create",80,"void * this;undefined4 param_1;undefined4 param_2;uint param_3;int * param_4;int param_5;undefined4 param_6;undefined4 param_7"
0x0041DF5C,"CancelToolTips",86,"int param_1"
0x0041DFB2,"TrackPopupMenu",86,"CMenu * this;uint param_1;int param_2;int param_3;CWnd * param_4;tagRECT * param_5"
0x0041E008,"_AfxFindPopupMenuFromID",108,"CMenu * param_1;uint param_2"
0x0041E074,"FUN_0041e074",21,"undefined4 * param_1"
0x0041E089,"FUN_0041e089",32,"void * this;byte param_1"
0x0041E0A9,"WinHelpInternal",86,"CWnd * this;ulong param_1;uint param_2"
0x0041E0FF,"FID_conflict:MessageBoxW",55,"HWND hWnd;LPCWSTR lpText;LPCWSTR lpCaption;UINT uType"
0x0041E136,"OnActivateTopLevel",46,"CWnd * this;uint param_1;long param_2"
0x0041E164,"AddRef",72,""
0x0041E1AC,"Release",72,""
0x0041E1F4,"QueryInterface",78,"_GUID * param_1;void * * param_2"
0x0041E242,"Invoke",92,"long param_1;_GUID * param_2;ulong param_3;ushort param_4;tagDISPPARAMS * param_5;tagVARIANT * param_6;tagEXCEPINFO * param_7;uint * param_8"
0x0041E29E,"get_accParent",78,"IDispatch * * param_1"
0x0041E2EC,"get_accChildCount",78,"long * param_1"
0x0041E33A,"FID_conflict:get_accValue",90,"int param_1;undefined4 param_2;undefined4 param_3;undefined4 param_4;undefined4 param_5;undefined4 param_6"
0x0041E394,"FID_conflict:get_accDescription",90,"int param_1;undefined4 param_2;undefined4 param_3;undefined4 param_4;undefined4 param_5;undefined4 param_6"
0x0041E3EE,"FID_conflict:get_accValue",90,"int param_1;undefined4 param_2;undefined4 param_3;undefined4 param_4;undefined4 param_5;undefined4 param_6"
0x0041E448,"get_accDescription",90,"tagVARIANT param_1;wchar_t * * param_2"
0x0041E4A2,"FID_conflict:get_accRole",90,"int param_1;undefined4 param_2;undefined4 param_3;undefined4 param_4;undefined4 param_5;undefined4 param_6"
0x0041E4FC,"get_accState",90,"tagVARIANT param_1;tagVARIANT * param_2"
0x0041E556,"get_accHelp",90,"tagVARIANT param_1;wchar_t * * param_2"
0x0041E5B0,"get_accHelpTopic",93,"wchar_t * * param_1;tagVARIANT param_2;long * param_3"
0x0041E60D,"get_accKeyboardShortcut",90,"tagVARIANT param_1;wchar_t * * param_2"
0x0041E667,"get_accFocus",78,"tagVARIANT * param_1"
0x0041E6B5,"get_accSelection",78,"tagVARIANT * param_1"
0x0041E703,"get_accDefaultAction",90,"tagVARIANT param_1;wchar_t * * param_2"
0x0041E75D,"accSelect",90,"long param_1;tagVARIANT param_2"
0x0041E7B7,"accLocation",99,"long * param_1;long * param_2;long * param_3;long * param_4;tagVARIANT param_5"
0x0041E81A,"accNavigate",93,"long param_1;tagVARIANT param_2;tagVARIANT * param_3"
0x0041E877,"accHitTest",84,"long param_1;long param_2;tagVARIANT * param_3"
0x0041E8CB,"accDoDefaultAction",87,"tagVARIANT param_1"
0x0041E922,"put_accName",90,"tagVARIANT param_1;wchar_t * param_2"
0x0041E97C,"put_accValue",90,"tagVARIANT param_1;wchar_t * param_2"
0x0041E9D6,"AddRef",72,""
0x0041EA1E,"Release",72,""
0x0041EA66,"QueryInterface",78,"_GUID * param_1;void * * param_2"
0x0041EAB4,"SetProxy",78,"IAccessibleProxy * param_1"
0x0041EB02,"GetHWND",66,"HWND__ * * param_1"
0x0041EB44,"UpdateData",101,"CWnd * this;int param_1"
0x0041EBA9,"Catch@0041eba9",6,""
0x0041EBB1,"Catch@0041ebb1",30,""
0x0041EBCF,"CenterWindow",448,"CWnd * this;CWnd * param_1"
0x0041ED8F,"RunModalLoop",324,"CWnd * this;ulong param_1"
0x0041EED3,"EndModalLoop",42,"CWnd * this;int param_1"
0x0041EF51,"GetProcAddress_InitCommonControls",47,"CComCtlWrapper * this"
0x0041EF80,"_InitCommonControls",99,"CComCtlWrapper * this"
0x0041EFE3,"FUN_0041efe3",17,""
0x0041EFF4,"GetProcAddress_InitCommonControlsEx",47,"CComCtlWrapper * this"
0x0041F023,"_InitCommonControlsEx",117,"CComCtlWrapper * this;tagINITCOMMONCONTROLSEX * param_1"
0x0041F098,"FUN_0041f098",54,""
0x0041F0CE,"GetProcAddress_InitNetworkAddressControl",47,"CShellWrapper * this"
0x0041F0FD,"_InitNetworkAddressControl",112,"CShellWrapper * this"
0x0041F16D,"FUN_0041f16d",54,""
0x0041F1A3,"AfxInitCommonControlsEx",27,"tagINITCOMMONCONTROLSEX * param_1"
0x0041F1BE,"Unlock",5,"CInternalGlobalLock * this"
0x0041F1C3,"GetCurrentMessage",62,""
0x0041F201,"Default",50,"CWnd * this"
0x0041F233,"afxMapHWND",116,"int param_1"
0x0041F2A7,"FromHandle",44,"HWND__ * param_1"
0x0041F2D3,"FromHandlePermanent",33,"HWND__ * param_1"
0x0041F2F4,"Attach",60,"CWnd * this;HWND__ * param_1"
0x0041F330,"Detach",48,"CWnd * this"
0x0041F360,"AfxUnhookWindowCreate",77,""
0x0041F3EA,"OnNcDestroy",275,"CWnd * this"
0x0041F4FD,"DestroyWindow",95,"CWnd * this"
0x0041F55C,"OnNTCtlColor",81,"CWnd * this;uint param_1;long param_2"
0x0041F5AD,"GetParentOwner",70,"CWnd * this"
0x0041F5F3,"GetDescendantWindow",121,"HWND__ * param_1;int param_2;int param_3"
0x0041F66C,"RepositionBars",332,"CWnd * this;uint param_1;uint param_2;uint param_3;uint param_4;tagRECT * param_5;tagRECT * param_6;int param_7"
0x0041F7B8,"WalkPreTranslateTree",70,"HWND__ * param_1;tagMSG * param_2"
0x0041F7FE,"SendChildNotifyLastMsg",59,"CWnd * this;long * param_1"
0x0041F839,"OnSetFocus",37,"CWnd * this;CWnd * param_1"
0x0041F8CA,"OnGetObject",62,"CWnd * this;uint param_1;long param_2"
0x0041F908,"FID_conflict:OnHScroll",38,"void * this;undefined4 param_1;undefined4 param_2;CWnd * param_3"
0x0041F92E,"OnEnterIdle",66,"CWnd * this;uint param_1;CWnd * param_2"
0x0041F970,"OnCtlColor",41,"CWnd * this;CDC * param_1;CWnd * param_2;uint param_3"
0x0041F999,"_AfxInitCommonControls",89,"tagINITCOMMONCONTROLSEX * param_1;long param_2"
0x0041F9F2,"AfxInitNetworkAddressControl",156,""
0x0041FA8E,"UnsubclassWindow",41,"CWnd * this"
0x0041FAB7,"AllocSysString",22,"CStringT<wchar_t,StrTraitMFC<wchar_t,ATL::ChTraitsCRT<wchar_t>_>_> * this"
0x0041FAE2,"GetWindow",27,"CWnd * this;uint param_1"
0x0041FAFD,"_AfxPostInitDialog",118,"CWnd * param_1;tagRECT * param_2;ulong param_3"
0x0041FB73,"FUN_0041fb73",180,"CWnd * param_1;undefined4 param_2;int param_3;undefined4 param_4;undefined4 param_5"
0x0041FC27,"Catch@0041fc27",38,""
0x0041FC50,"FUN_0041fc50",22,""
0x0041FC66,"AfxWndProc",77,"HWND__ * param_1;uint param_2;uint param_3;long param_4"
0x0041FCB3,"~CWnd",117,"CWnd * this"
0x0041FD28,"FID_conflict:OnCharToItem",45,"void * this;undefined4 param_1;CWnd * param_2"
0x0041FD55,"OnMeasureItem",137,"CWnd * this;int param_1;tagMEASUREITEMSTRUCT * param_2"
0x0041FDDE,"GetParentFrame",63,"CWnd * this"
0x0041FE1D,"GetTopLevelFrame",65,"CWnd * this"
0x0041FE5E,"SendMessageToDescendants",127,"HWND__ * param_1;uint param_2;uint param_3;long param_4;int param_5;int param_6"
0x0041FEDD,"ReflectLastMsg",160,"HWND__ * param_1;long * param_2"
0x0041FF7D,"OnParentNotify",48,"CWnd * this;uint param_1;long param_2"
0x0041FFAD,"OnDragList",44,"CWnd * this;uint param_1;long param_2"
0x0041FFD9,"UpdateDialogControls",257,"CWnd * this;CCmdTarget * param_1;int param_2"
0x004200DA,"SubclassWindow",70,"CWnd * this;HWND__ * param_1"
0x00420120,"get_accParent",50,"IDispatch * * param_1"
0x00420152,"get_accChildCount",50,"long * param_1"
0x00420184,"get_accChild",64,"tagVARIANT param_1;IDispatch * * param_2"
0x004201C4,"get_accName",64,"tagVARIANT param_1;wchar_t * * param_2"
0x00420204,"get_accValue",64,"tagVARIANT param_1;wchar_t * * param_2"
0x00420244,"get_accDescription",64,"tagVARIANT param_1;wchar_t * * param_2"
0x00420284,"get_accRole",64,"tagVARIANT param_1;tagVARIANT * param_2"
0x004202C4,"get_accState",64,"tagVARIANT param_1;tagVARIANT * param_2"
0x00420304,"get_accHelp",64,"tagVARIANT param_1;wchar_t * * param_2"
0x00420344,"get_accHelpTopic",73,"wchar_t * * param_1;tagVARIANT param_2;long * param_3"
0x0042038D,"get_accKeyboardShortcut",64,"tagVARIANT param_1;wchar_t * * param_2"
0x004203CD,"get_accFocus",50,"tagVARIANT * param_1"
0x004203FF,"get_accSelection",50,"tagVARIANT * param_1"
0x00420431,"get_accDefaultAction",64,"tagVARIANT param_1;wchar_t * * param_2"
0x00420471,"accSelect",51,"long param_1;tagVARIANT param_2"
0x004204A4,"accLocation",89,"long * param_1;long * param_2;long * param_3;long * param_4;tagVARIANT param_5"
0x004204FD,"accNavigate",67,"long param_1;tagVARIANT param_2;tagVARIANT * param_3"
0x00420540,"accHitTest",56,"long param_1;long param_2;tagVARIANT * param_3"
0x00420578,"accDoDefaultAction",48,"tagVARIANT param_1"
0x004205A8,"FUN_004205a8",29,"int param_1"
0x004205C5,"FUN_004205c5",26,"int param_1;undefined4 param_2;undefined4 param_3"
0x004205DF,"Invoke",58,"long param_1;_GUID * param_2;ulong param_3;ushort param_4;tagDISPPARAMS * param_5;tagVARIANT * param_6;tagEXCEPINFO * param_7;uint * param_8"
0x00420619,"GetIDsOfNames",49,"_GUID * param_1;wchar_t * * param_2;uint param_3;ulong param_4;long * param_5"
0x0042064A,"GetTypeInfoCount",37,"uint * param_1"
0x0042066F,"FUN_0042066f",43,"int param_1;undefined4 param_2;undefined4 param_3;undefined4 param_4"
0x0042069A,"GetOwner",23,"CWnd * this"
0x004206B1,"FID_conflict:`scalar_deleting_destructor'",33,"void * this;byte param_1"
0x004206D2,"OnDrawItem",66,"CWnd * this;int param_1;tagDRAWITEMSTRUCT * param_2"
0x00420714,"OnCompareItem",44,"CWnd * this;int param_1;tagCOMPAREITEMSTRUCT * param_2"
0x00420740,"OnDeleteItem",37,"CWnd * this;int param_1;tagDELETEITEMSTRUCT * param_2"
0x00420765,"AfxHtmlHelp",128,"undefined4 param_1;undefined4 param_2;undefined4 param_3;undefined4 param_4"
0x004207E5,"OnCommand",153,"CWnd * this;uint param_1;long param_2"
0x0042087E,"OnNotify",130,"CWnd * this;uint param_1;long param_2;long * param_3"
0x00420900,"AfxGetParentOwner",74,"HWND__ * param_1"
0x0042094A,"GetTopLevelParent",40,"CWnd * this"
0x004209BA,"OnDevModeChange",80,"CWnd * this;wchar_t * param_1"
0x00420A55,"CMFCComObject<ATL::CAccessibleProxy>",45,"CMFCComObject<ATL::CAccessibleProxy> * this;void * param_1"
0x00420A82,"_InlineIsEqualGUID",50,"int * param_1;int * param_2"
0x00420AB4,"FUN_00420ab4",5,""
0x00420AB9,"FUN_00420ab9",21,"int param_1"
0x00420ACE,"InlineIsEqualUnknown",48,"_GUID * param_1"
0x00420AFE,"AtlInternalQueryInterface",163,"void * param_1;_ATL_INTMAP_ENTRY * param_2;_GUID * param_3;void * * param_4"
0x00420BA1,"_InternalQueryInterface",26,"CAccessibleProxy * this;_GUID * param_1;void * * param_2"
0x00420BBB,"FUN_00420bbb",113,"undefined4 * param_1"
0x00420BE0,"FUN_00420be0",18,"int param_1"
0x00420BF2,"Release",35,""
0x00420C15,"QueryInterface",23,"_GUID * param_1;void * * param_2"
0x00420C2C,"FUN_00420c2c",33,"void * this;byte param_1"
0x00420C4D,"FUN_00420c4d",10,""
0x00420C57,"FUN_00420c57",10,"int param_1;void * * param_2"
0x00420C61,"FUN_00420c61",10,"int param_1"
0x00420C6B,"FUN_00420c6b",10,"int param_1;void * * param_2"
0x00420C75,"FUN_00420c75",10,""
0x00420C7F,"FUN_00420c7f",10,"int param_1"
0x00420C89,"_AfxHandleActivate",120,"CWnd * param_1;uint param_2;CWnd * param_3"
0x00420D01,"_AfxHandleSetCursor",120,"CWnd * param_1;uint param_2;uint param_3"
0x00420E8B,"Catch@00420e8b",59,""
0x004210E6,"AfxHookWindowCreate",90,"CWnd * param_1"
0x00421140,"CreateEx",223,"CWnd * this;ulong param_1;wchar_t * param_2;wchar_t * param_3;ulong param_4;int param_5;int param_6;int param_7;int param_8;HWND__ * param_9;HMENU__ * param_10;void * param_11"
0x0042121F,"PrepareForHelp",126,"CWnd * this"
0x0042129D,"OnWndMsg",1474,"CWnd * this;uint param_1;uint param_2;long param_3;long * param_4"
0x004219B1,"IsTopParentActive",61,"CWnd * this"
0x00421A34,"ReflectChildNotify",231,"CWnd * this;uint param_1;uint param_2;long param_3;long * param_4"
0x00421B47,"FUN_00421b47",73,"undefined4 * param_1"
0x00421B90,"Catch@00421b90",14,""
0x00421BA5,"FUN_00421ba5",20,""
0x00421BB9,"~CWaitCursor",38,"CWaitCursor * this"
0x00421BDF,"Catch@00421bdf",167,""
0x00421C86,"FID_conflict:WinHelpW",112,"HWND hWndMain;LPCWSTR lpszHelp;UINT uCommand;ULONG_PTR dwData"
0x00421CF6,"FID_conflict:HtmlHelpA",111,"void * this;undefined4 param_1;undefined4 param_2"
0x00421D65,"OnChildNotify",73,"CWnd * this;uint param_1;uint param_2;long param_3;long * param_4"
0x00421DAE,"CreateAccessibleProxy",186,"CWnd * this;uint param_1;long param_2;long * param_3"
0x00421E68,"FUN_00421e68",6,""
0x00421E6E,"AfxRegisterClass",124,"tagWNDCLASSA * param_1"
0x00421EEA,"Catch@00421eea",16,""
0x00421EFB,"AfxRegisterWndClass",261,"UINT param_1;HCURSOR param_2;HBRUSH param_3;HICON param_4"
0x00422000,"ExecuteDlgInit",301,"CWnd * this;void * param_1"
0x0042212D,"_AfxRegisterWithIcon",68,"tagWNDCLASSA * param_1;char * param_2;uint param_3"
0x00422171,"AfxEndDeferRegisterClass",754,"long param_1"
0x00422463,"PreCreateWindow",37,"int param_1"
0x00422488,"ExecuteDlgInit",106,"CWnd * this;wchar_t * param_1"
0x004224F2,"_IsEqualGUID",28,"void * param_1;void * param_2"
0x0042250E,"_AfxDispatchCmdMsg",263,"CCmdTarget * param_1;uint param_2;int param_3;_func_void * param_4;void * param_5;uint param_6;AFX_CMDHANDLERINFO * param_7"
0x00422646,"OnCmdMsg",286,"CCmdTarget * this;uint param_1;int param_2;void * param_3;AFX_CMDHANDLERINFO * param_4"
0x00422764,"FUN_00422764",6,""
0x0042276A,"FUN_0042276a",8,""
0x00422772,"FUN_00422772",6,""
0x00422778,"FUN_00422778",6,""
0x0042277E,"FUN_0042277e",6,""
0x00422784,"FUN_00422784",6,""
0x0042278A,"OnFinalRelease",48,"CCmdTarget * this"
0x004227BA,"FUN_004227ba",6,""
0x004227C0,"FUN_004227c0",6,""
0x004227C6,"CCmdUI",38,"CCmdUI * this"
0x004227EC,"DoUpdate",112,"CCmdUI * this;CCmdTarget * param_1;int param_2"
0x0042285C,"FUN_0042285c",6,""
0x00422862,"CheckMenuItem",24,"CMenu * this;uint param_1;uint param_2"
0x0042287A,"EnableMenuItem",24,"CMenu * this;uint param_1;uint param_2"
0x00422892,"FID_conflict:ModifyMenuW",30,"HMENU hMnu;UINT uPosition;UINT uFlags;UINT_PTR uIDNewItem;LPCWSTR lpNewItem"
0x004228B0,"CCmdTarget",40,"CCmdTarget * this"
0x004228D8,"~CCmdTarget",23,"CCmdTarget * this"
0x004228EF,"FUN_004228ef",21,""
0x00422904,"FUN_00422904",21,""
0x00422919,"Enable",142,"CCmdUI * this;int param_1"
0x004229A7,"SetCheck",118,"CCmdUI * this;int param_1"
0x00422A1D,"SetText",109,"CCmdUI * this;wchar_t * param_1"
0x00422A8A,"_AfxLoadDotBitmap",290,""
0x00422BAC,"SetRadio",104,"CCmdUI * this;int param_1"
0x00422C14,"FUN_00422c14",14,"int param_1"
0x00422C22,"GetControlUnknown",12,"CWnd * this"
0x00422C2E,"FUN_00422c2e",29,"int param_1"
0x00422C4B,"GetOleControlSite",26,"CWnd * this;uint param_1"
0x00422C65,"GetDlgItem",42,"CWnd * this;int param_1"
0x00422C8F,"GetDlgItem",41,"CWnd * this;int param_1;HWND__ * * param_2"
0x00422CB8,"FID_conflict:IsDialogMessageW",55,"HWND hDlg;LPMSG lpMsg"
0x00422CEF,"GetExStyle",26,"CWnd * this"
0x00422D09,"GetExStyle",26,"CWnd * this"
0x00422D23,"ModifyStyleEx",44,"CWnd * this;ulong param_1;ulong param_2;uint param_3"
0x00422D4F,"FID_conflict:SetWindowTextW",71,"HWND hWnd;LPCWSTR lpString"
0x00422D96,"GetDlgCtrlID",27,"CWnd * this"
0x00422DB1,"MoveWindow",64,"CWnd * this;int param_1;int param_2;int param_3;int param_4;int param_5"
0x00422DF1,"ShowWindow",39,"CWnd * this;int param_1"
0x00422E18,"IsWindowEnabled",27,"CWnd * this"
0x00422E33,"EnableWindow",39,"CWnd * this;int param_1"
0x00422E5A,"SetFocus",33,"CWnd * this"
0x00422E7B,"InvokeHelper",41,"CWnd * this;long param_1;ushort param_2;ushort param_3;void * param_4;uchar * param_5"
0x00422EA4,"GetProperty",37,"CWnd * this;long param_1;ushort param_2;void * param_3"
0x00422EC9,"AttachControlSite",41,"CWnd * this;CWnd * param_1;uint param_2"
0x00422EF2,"GetStyle",25,"COleControlSiteOrWnd * this"
0x00422F0B,"IsDisabled",73,"COleControlSiteOrWnd * param_1"
0x00422F54,"IsGroup",21,"COleControlSiteOrWnd * param_1"
0x00422F69,"AttachControlSite",67,"COleControlContainer * this;CWnd * param_1;uint param_2"
0x00422FAC,"CTypedPtrListIterator<CPtrList,COleControlSiteOrWnd*>",33,"CTypedPtrListIterator<CPtrList,COleControlSiteOrWnd*> * this;CTypedPtrListIterator<class_CPtrList,struct_COleControlSiteOrWnd*> * param_1"
0x00422FCD,"operator=",31,"CTypedPtrListIterator<CPtrList,COleControlSiteOrWnd*> * this;CTypedPtrListIterator<class_CPtrList,struct_COleControlSiteOrWnd*> * param_1"
0x00422FEC,"FUN_00422fec",4,"int param_1"
0x00422FF0,"GetNext",30,"CPtrList * this;__POSITION * * param_1"
0x0042300E,"GetPrev",31,"CPtrList * this;__POSITION * * param_1"
0x0042302D,"GetPrev",31,"CPtrList * this;__POSITION * * param_1"
0x0042304C,"GetAt",24,"CPtrList * this;__POSITION * param_1"
0x00423064,"GetNextWindow",28,"CWnd * this;uint param_1"
0x00423080,"SetWindowPos",62,"CWnd * this;CWnd * param_1;int param_2;int param_3;int param_4;int param_5;uint param_6"
0x004230BE,"AttachControlSite",68,"CWnd * this;CHandleMap * param_1"
0x00423102,"CDlgControlIterator",23,"CDlgControlIterator * this;CDlgControlIterator * param_1"
0x00423119,"FUN_00423119",11,"void * this;__POSITION * * param_1"
0x00423124,"GetNextDlgTabItem",320,"CWnd * this;COleControlSiteOrWnd * param_1;int param_2"
0x00423264,"RemoveRadioCheckFromGroup",274,"CWnd * this;COleControlSiteOrWnd * param_1"
0x00423376,"Skip",62,"CTypedPtrListIterator<CPtrList,COleControlSiteOrWnd*> * this;int param_1"
0x004233B4,"FID_conflict:GetWindowTextW",115,"HWND hWnd;LPWSTR lpString;int nMaxCount"
0x00423427,"Skip",35,"CDlgControlIterator * this;int param_1"
0x0042344A,"GetFirstButton",102,"CDlgGroupRadioButtonIterator * this"
0x004234B0,"GetLastButton",97,"CDlgGroupRadioButtonIterator * this"
0x00423511,"FindSiteOrWnd",89,"CWnd * this;COleControlSiteOrWnd * param_1"
0x0042356A,"FindSiteOrWndWithFocus",142,"CWnd * this"
0x004235F8,"MoveNext",137,"CDlgGroupRadioButtonIterator * this"
0x00423681,"MovePrev",139,"CDlgGroupRadioButtonIterator * this"
0x0042370C,"GetPrevDlgGroupItem",87,"CWnd * this;COleControlSiteOrWnd * param_1"
0x00423763,"GetNextDlgGroupItem",87,"CWnd * this;COleControlSiteOrWnd * param_1"
0x004237BA,"FUN_004237ba",30,"int param_1"
0x004237D8,"tcscpy_s",30,"wchar_t * param_1;uint param_2;wchar_t * param_3"
0x004237F6,"StringLengthWorkerW",50,"STRSAFE_PCNZWCH psz;size_t cchMax;size_t * pcchLength"
0x00423828,"Rename",40,"LPCWSTR param_1;LPCWSTR param_2"
0x00423850,"Remove",37,"LPCWSTR param_1"
0x00423875,"AfxComparePath",239,"wchar_t * param_1;wchar_t * param_2"
0x00423964,"FUN_00423964",6,""
0x0042396A,"AfxCtxLoadLibraryW",87,"wchar_t * param_1"
0x004239C3,"FUN_004239c3",53,""
0x004239F8,"StringCchLengthW",55,"wchar_t * param_1;uint param_2;uint * param_3"
0x00423A2F,"Read",66,"CFile * this;void * param_1;uint param_2"
0x00423A71,"Write",77,"CFile * this;void * param_1;uint param_2"
0x00423ABE,"Seek",83,"CFile * this;__int64 param_1;uint param_2"
0x00423B11,"GetPosition",76,"CFile * this"
0x00423B5D,"Flush",41,"CFile * this"
0x00423B86,"FID_conflict:LockRange",53,"void * this;DWORD param_1;DWORD param_2;DWORD param_3;DWORD param_4"
0x00423BBB,"FID_conflict:LockRange",53,"void * this;DWORD param_1;DWORD param_2;DWORD param_3;DWORD param_4"
0x00423BF0,"SetLength",54,"CFile * this;__uint64 param_1"
0x00423C26,"GetLength",65,"CFile * this"
0x00423C67,"AfxGetFileTitle",110,"wchar_t * param_1;wchar_t * param_2;uint param_3"
0x00423CD5,"Close",69,"CFile * this"
0x00423D1A,"Abort",33,"CFile * this"
0x00423D3B,"CFile",31,"CFile * this"
0x00423D5A,"Duplicate",118,"CFile * this"
0x00423DD0,"FUN_00423dd0",17,"undefined4 * param_1"
0x00423DE1,"AfxGetInProcServer",181,"wchar_t * param_1;CStringT<wchar_t,StrTraitMFC<wchar_t,ATL::ChTraitsCRT<wchar_t>_>_> * param_2"
0x00423E96,"AfxGetRoot",70,"wchar_t * param_1;CStringT<wchar_t,StrTraitMFC<wchar_t,ATL::ChTraitsCRT<wchar_t>_>_> * param_2"
0x00423EDC,"FUN_00423edc",45,"void * this;byte param_1"
0x00423F09,"FUN_00423f09",67,"CFile * param_1"
0x00423F4C,"Catch@00423f4c",161,""
0x00423FF3,"FUN_00423ff3",17,""
0x00424004,"FUN_00424004",33,"void * this;byte param_1"
0x00424025,"_AfxFillExceptionInfo",47,"CFileException * param_1;wchar_t * param_2"
0x00424054,"_AfxFullPath2",449,"wchar_t * param_1;wchar_t * param_2;CFileException * param_3"
0x00424215,"AfxFullPath",22,"wchar_t * param_1;wchar_t * param_2"
0x0042422B,"AfxGetModuleShortFileName",115,"HINSTANCE__ * param_1;CStringT<wchar_t,StrTraitMFC<wchar_t,ATL::ChTraitsCRT<wchar_t>_>_> * param_2"
0x0042429E,"CFileException",74,"void * this;undefined4 param_1;undefined4 param_2;short * param_3"
0x004242E8,"FUN_004242e8",25,"void * this;short * param_1"
0x00424302,"Open",490,"CFile * this;wchar_t * param_1;uint param_2;CFileException * param_3"
0x004244EC,"AfxStringFromCLSID",143,"_GUID * param_1"
0x0042457B,"GetClassObject",175,"AFX_COM * this;_GUID * param_1;_GUID * param_2;void * * param_3"
0x0042462A,"CreateInstance",94,"AFX_COM * this;_GUID * param_1;IUnknown * param_2;_GUID * param_3;void * * param_4"
0x00424688,"AfxResolveShortcut",368,"CWnd * param_1;wchar_t * param_2;wchar_t * param_3;int param_4"
0x004247F8,"Close",66,"CFileFind * this"
0x0042483A,"FUN_0042483a",10,"int param_1"
0x00424844,"MatchesMask",31,"CFileFind * this;ulong param_1"
0x00424863,"GetLastAccessTime",41,"CFileFind * this;_FILETIME * param_1"
0x0042488C,"GetLastWriteTime",41,"CFileFind * this;_FILETIME * param_1"
0x004248B5,"GetCreationTime",41,"CFileFind * this;_FILETIME * param_1"
0x004248DE,"FindNextFileW",60,"CFileFind * this"
0x0042491A,"FUN_0042491a",6,""
0x00424920,"IsValidFILETIME",49,"_FILETIME * param_1"
0x00424951,"CTime",149,"CTime * this;int param_1;int param_2;int param_3;int param_4;int param_5;int param_6;int param_7"
0x004249E6,"CTime",93,"CTime * this;_SYSTEMTIME * param_1;int param_2"
0x00424A43,"CTime",96,"CTime * this;_FILETIME * param_1;int param_2"
0x00424AA3,"GetLastAccessTime",84,"CFileFind * this;CTime * param_1"
0x00424AF7,"GetLastWriteTime",84,"CFileFind * this;CTime * param_1"
0x00424B4B,"GetCreationTime",84,"CFileFind * this;CTime * param_1"
0x00424B9F,"IsDots",63,"CFileFind * this"
0x00424BDE,"CFileFind",41,"CFileFind * this"
0x00424C07,"~CFileFind",49,"CFileFind * this"
0x00424C38,"FUN_00424c38",29,"void * this;void * param_1"
0x00424C55,"`scalar_deleting_destructor'",33,"CFileFind * this;uint param_1"
0x00424C76,"FindFile",308,"CFileFind * this;wchar_t * param_1;ulong param_2"
0x00424DAA,"GetFileTitle",116,"CFileFind * this"
0x00424E1E,"operator+=",23,"CSimpleStringT<wchar_t,0> * this;wchar_t param_1"
0x00424E35,"CStringT<wchar_t,StrTraitMFC<wchar_t,ATL::ChTraitsCRT<wchar_t>_>_>::operator+=",23,"void * this;wchar_t param_1"
0x00424E4C,"GetFileURL",87,"void * this;CStringT<wchar_t,StrTraitMFC<wchar_t,ATL::ChTraitsCRT<wchar_t>_>_> * param_1"
0x00424EA3,"GetFilePath",145,"CFileFind * this"
0x00424F34,"GetFileName",67,"void * this;CStringT<wchar_t,StrTraitMFC<wchar_t,ATL::ChTraitsOS<wchar_t>_>_> * param_1"
0x00424F77,"FUN_00424f77",103,"uint param_1;undefined2 * param_2;int param_3"
0x00424FDF,"FUN_00424fdf",11,""
0x00424FEA,"AfxExtractSubString",125,"CStringT<wchar_t,StrTraitMFC<wchar_t,ATL::ChTraitsCRT<wchar_t>_>_> * param_1;wchar_t * param_2;int param_3;wchar_t param_4"
0x00425067,"Create",36,"void * this;undefined4 param_1;undefined4 param_2;undefined4 param_3;undefined4 param_4;undefined4 param_5"
0x0042508B,"~CComboBox",49,"CComboBox * this"
0x004250BC,"OnChildNotify",35,"void * this;uint param_1;uint param_2;long param_3;long * param_4"
0x004250DF,"Create",35,"void * this;undefined4 param_1;undefined4 param_2;undefined4 param_3;undefined4 param_4"
0x00425102,"~CComboBox",49,"CComboBox * this"
0x00425133,"OnChildNotify",142,"CListBox * this;uint param_1;uint param_2;long param_3;long * param_4"
0x004251C1,"Create",35,"void * this;undefined4 param_1;undefined4 param_2;undefined4 param_3;undefined4 param_4"
0x004251E4,"~CComboBox",49,"CComboBox * this"
0x00425215,"OnChildNotify",92,"CComboBox * this;uint param_1;uint param_2;long param_3;long * param_4"
0x00425271,"~CComboBox",49,"CComboBox * this"
0x004252A2,"FUN_004252a2",6,""
0x004252A8,"FUN_004252a8",6,""
0x004252AE,"FUN_004252ae",6,""
0x004252B4,"FUN_004252b4",6,""
0x004252BA,"GetText",29,"void * this;WPARAM param_1;LPARAM param_2"
0x004252D7,"GetTextLen",28,"CListBox * this;int param_1"
0x004252F3,"FID_conflict:GetLBText",51,"void * this;WPARAM param_1;CSimpleStringT<wchar_t,0> * param_2"
0x00425326,"FUN_00425326",15,"void * this;undefined4 param_1"
0x00425335,"FUN_00425335",15,"void * this;undefined4 param_1"
0x00425344,"FUN_00425344",5,"int param_1"
0x00425349,"FUN_00425349",5,"int param_1"
0x0042534E,"SaveDC",51,"CDC * this"
0x00425381,"RestoreDC",66,"CDC * this;int param_1"
0x004253C3,"SetBkColor",51,"CDC * this;ulong param_1"
0x004253F6,"SetBkMode",50,"CDC * this;int param_1"
0x00425428,"SetTextColor",51,"CDC * this;ulong param_1"
0x0042545B,"FUN_0042545b",50,"void * this;int param_1"
0x0042548D,"FUN_0042548d",21,"void * this;LPRECT param_1"
0x004254A2,"FID_conflict:ExcludeClipRect",71,"HDC hdc;int left;int top;int right;int bottom"
0x004254E9,"FID_conflict:ExcludeClipRect",71,"HDC hdc;int left;int top;int right;int bottom"
0x00425530,"FUN_00425530",6,""
0x00425536,"FUN_00425536",6,""
0x0042553C,"FUN_0042553c",6,""
0x00425542,"FUN_00425542",6,""
0x00425548,"FUN_00425548",6,""
0x0042554E,"FUN_0042554e",6,""
0x00425554,"FUN_00425554",6,""
0x0042555A,"FUN_0042555a",6,""
0x00425560,"FUN_00425560",6,""
0x00425566,"FUN_00425566",6,""
0x0042556C,"FUN_0042556c",6,""
0x00425572,"FUN_00425572",6,""
0x00425578,"FUN_00425578",27,""
0x00425594,"FUN_00425594",27,""
0x004255B0,"FUN_004255b0",19,"int * param_1"
0x004255C3,"FID_conflict:GetWindowExt",38,"void * this;int * param_1"
0x004255E9,"FID_conflict:GetWindowExt",38,"void * this;int * param_1"
0x0042560F,"FillRect",32,"CDC * this;tagRECT * param_1;CBrush * param_2"
0x0042562F,"BitBlt",50,"CDC * this;int param_1;int param_2;int param_3;int param_4;CDC * param_5;int param_6;int param_7;ulong param_8"
0x00425661,"FUN_00425661",20,"undefined4 * param_1"
0x00425675,"FUN_00425675",24,"void * this;int param_1;int param_2"
0x0042568D,"FUN_0042568d",21,"void * this;RECT * param_1"
0x004256A2,"FUN_004256a2",30,"void * this;int param_1;int param_2;LPCWSTR param_3;int param_4"
0x004256C0,"FUN_004256c0",39,"void * this;int param_1;int param_2;UINT param_3;RECT * param_4;LPCWSTR param_5;UINT param_6;INT * param_7"
0x004256E7,"FUN_004256e7",56,"void * this;int * param_1;int param_2;int param_3;LPCWSTR param_4;int param_5;int param_6;INT * param_7;int param_8"
0x0042571F,"FUN_0042571f",30,"void * this;LPCWSTR param_1;int param_2;LPRECT param_3;UINT param_4"
0x0042573D,"FUN_0042573d",33,"void * this;LPWSTR param_1;int param_2;LPRECT param_3;UINT param_4;LPDRAWTEXTPARAMS param_5"
0x0042575E,"FUN_0042575e",50,"void * this;int param_1;GRAYSTRINGPROC param_2;LPARAM param_3;int param_4;int param_5;int param_6;int param_7;int param_8"
0x00425790,"FUN_00425790",30,"void * this;int param_1;int param_2;LPCSTR param_3;LPVOID param_4"
0x004257AE,"FID_conflict:OffsetWindowOrg",63,"void * this;LPPOINT param_1;int param_2;int param_3"
0x004257ED,"FID_conflict:OffsetWindowOrg",63,"void * this;LPPOINT param_1;int param_2;int param_3"
0x0042582C,"FID_conflict:OffsetWindowOrg",63,"void * this;LPSIZE param_1;int param_2;int param_3"
0x0042586B,"FID_conflict:ScaleWindowExt",75,"void * this;LPSIZE param_1;int param_2;int param_3;int param_4;int param_5"
0x004258B6,"FID_conflict:OffsetWindowOrg",63,"void * this;LPSIZE param_1;int param_2;int param_3"
0x004258F5,"FID_conflict:ScaleWindowExt",75,"void * this;LPSIZE param_1;int param_2;int param_3;int param_4;int param_5"
0x00425940,"ScreenToClient",65,"CWnd * this;tagRECT * param_1"
0x00425981,"ClientToScreen",65,"CWnd * this;tagRECT * param_1"
0x004259C2,"SelectClipRgn",75,"CDC * this;CRgn * param_1;int param_2"
0x00425A0D,"LPtoDP",107,"CDC * this;tagSIZE * param_1"
0x00425A78,"DPtoLP",107,"CDC * this;tagSIZE * param_1"
0x00425B1E,"Construct",33,"CObject * param_1"
0x00425B3F,"FUN_00425b3f",26,"undefined4 * param_1"
0x00425B59,"afxMapHDC",116,"int param_1"
0x00425BCD,"FromHandle",20,"HDC__ * param_1"
0x00425BE1,"Attach",54,"CDC * this;HDC__ * param_1"
0x00425C17,"Detach",51,"CDC * this"
0x00425C4A,"~CDC",25,"CDC * this"
0x00425C63,"CClientDC",84,"CClientDC * this;CWnd * param_1"
0x00425CB7,"~CClientDC",59,"CClientDC * this"
0x00425CF2,"CWindowDC",84,"CWindowDC * this;CWnd * param_1"
0x00425D46,"~CWindowDC",59,"CWindowDC * this"
0x00425D81,"CPaintDC",84,"CPaintDC * this;CWnd * param_1"
0x00425DD5,"~CPaintDC",64,"CPaintDC * this"
0x00425E15,"afxMapHGDIOBJ",116,"int param_1"
0x00425E89,"FromHandle",20,"void * param_1"
0x00425E9D,"Attach",44,"void * this;int param_1"
0x00425EC9,"Detach",44,"int param_1"
0x00425EF5,"DeleteObject",22,"CGdiObject * this"
0x00425F0B,"FID_conflict:CreateCompatibleDC",38,"HDC hdc"
0x00425F31,"CreateBitmap",42,"CBitmap * this;int param_1;int param_2;uint param_3;uint param_4;void * param_5"
0x00425F5B,"CreateCompatibleDC",38,"CDC * this;CDC * param_1"
0x00425F81,"FUN_00425f81",33,"void * this;byte param_1"
0x00425FA2,"SelectGdiObject",27,"HDC__ * param_1;void * param_2"
0x00425FBD,"SelectStockObject",65,"CDC * this;int param_1"
0x00425FFE,"SelectObject",75,"CDC * this;CBrush * param_1"
0x00426049,"FUN_00426049",33,"void * this;byte param_1"
0x0042606A,"FUN_0042606a",33,"void * this;byte param_1"
0x0042608B,"`scalar_deleting_destructor'",33,"CPaintDC * this;uint param_1"
0x004260AC,"SelectObject",28,"CDC * this;CBitmap * param_1"
0x004260C8,"FUN_004260c8",11,"CImageList * param_1"
0x004260D3,"FUN_004260d3",11,"CImageList * param_1"
0x004260DE,"CBrush",67,"CBrush * this;ulong param_1"
0x00426121,"AfxGetGrayBitmap",599,"CBitmap * param_1;CBitmap * param_2;ulong param_3"
0x00426378,"AfxGetDitheredBitmap",696,"CBitmap * param_1;CBitmap * param_2;ulong param_3;ulong param_4"
0x00426630,"FUN_00426630",39,"void * this;byte param_1"
0x00426657,"FUN_00426657",39,"void * this;byte param_1"
0x0042667E,"FUN_0042667e",36,"int * param_1"
0x004266A2,"PreTranslateMessage",398,"CFrameWnd * this;tagMSG * param_1"
0x00426830,"FUN_00426830",12,"int * param_1"
0x0042683C,"Handler_0042683C",22,""
0x00426852,"AfxIsDescendant",32,"HWND__ * param_1;HWND__ * param_2"
0x00426872,"EndModalState",121,"CFrameWnd * this"
0x004268EB,"ShowOwnedWindows",170,"CFrameWnd * this;int param_1"
0x00426995,"PreCreateWindow",62,"int param_1"
0x004269D3,"OnUpdateFrameMenu",83,"CFrameWnd * this;HMENU__ * param_1"
0x00426A26,"RemoveControlBar",41,"CFrameWnd * this;CControlBar * param_1"
0x00426A4F,"OnNcActivate",58,"CFrameWnd * this;int param_1"
0x00426A89,"FUN_00426a89",31,"void * this;HWND param_1;LPARAM param_2"
0x00426AA8,"FUN_00426aa8",7,"int param_1"
0x00426AAF,"SetActiveView",94,"CFrameWnd * this;CView * param_1;int param_2"
0x00426B0D,"OnSetFocus",32,"CFrameWnd * this;CWnd * param_1"
0x00426B2D,"OnInitMenu",43,"CFrameWnd * this;CMenu * param_1"
0x00426B58,"Handler_00426B58",6,""
0x00426B5E,"tcsncpy_s",33,"wchar_t * param_1;uint param_2;wchar_t * param_3;uint param_4"
0x00426B7F,"FUN_00426b7f",25,"void * this;undefined4 param_1"
0x00426B98,"FUN_00426b98",3,"undefined4 param_1"
0x00426B9B,"thunk_FUN_00434c39",5,"undefined4 * param_1"
0x00426BA0,"BringToTop",52,"CFrameWnd * this;int param_1"
0x00426BD4,"GetDockingFrame",22,"CControlBar * this"
0x00426BEA,"IsFloating",53,"CControlBar * this"
0x00426C1F,"FUN_00426c1f",6,""
0x00426C25,"SetMenuBarVisibility",83,"CFrameWnd * this;ulong param_1"
0x00426C78,"FUN_00426c78",7,"int param_1"
0x00426C7F,"SetMenuBarState",114,"CFrameWnd * this;ulong param_1"
0x00426CF1,"FUN_00426cf1",7,"int param_1"
0x00426CF8,"GetMenu",45,"CFrameWnd * this"
0x00426D51,"SetSize",315,"CArray<int,int_const&> * this;int param_1;int param_2"
0x00426E8C,"SetAtGrow",52,"CArray<HWND__*,HWND__*> * this;int param_1;HWND__ * param_2"
0x00426EC0,"CRect",25,"CRect * this;tagRECT * param_1"
0x00426ED9,"IsRectNull",23,"CRect * this"
0x00426EF0,"CreateCompatibleBitmap",39,"CBitmap * this;CDC * param_1;int param_2;int param_3"
0x00426F17,"Handler_00426F17",8,""
0x00426F1F,"CPushRoutingFrame",55,"CPushRoutingFrame * this;CFrameWnd * param_1"
0x00426F56,"~CPushRoutingFrame",30,"CPushRoutingFrame * this"
0x00426F74,"FUN_00426f74",37,"undefined4 * param_1"
0x00426FAC,"FUN_00426fac",29,"void * this;WPARAM param_1;LPARAM param_2"
0x00426FE2,"FUN_00426fe2",29,"void * this;WPARAM param_1;LPARAM param_2"
0x00426FFF,"FUN_00426fff",29,"void * this;WPARAM param_1;LPARAM param_2"
0x0042701C,"LoadAccelTable",43,"void * this;LPCWSTR param_1"
0x00427047,"OnPaletteChanged",39,"CFrameWnd * this;CWnd * param_1"
0x0042706E,"Handler_0042706E",42,""
0x00427098,"ExitHelpMode",119,"CFrameWnd * this"
0x0042710F,"Handler_0042710F",53,""
0x00427144,"OnCommandHelp",93,"CFrameWnd * this;uint param_1;long param_2"
0x004271A1,"OnCommand",130,"CFrameWnd * this;uint param_1;long param_2"
0x00427223,"NotifyFloatingWindows",187,"CFrameWnd * this;ulong param_1"
0x004272DE,"CreateView",127,"CFrameWnd * this;CCreateContext * param_1;uint param_2"
0x0042735D,"OnCreateClient",39,"void * this;undefined4 param_1;CCreateContext * param_2"
0x00427384,"OnCreateHelper",83,"void * this;undefined4 param_1;undefined4 param_2"
0x004273D7,"GetIconWndClass",135,"void * this;undefined4 param_1;ushort param_2"
0x0042745E,"InitialUpdateFrame",201,"CFrameWnd * this;CDocument * param_1;int param_2"
0x00427527,"OnClose",250,"CFrameWnd * this"
0x00427621,"OnCmdMsg",154,"CFrameWnd * this;uint param_1;int param_2;void * param_3;AFX_CMDHANDLERINFO * param_4"
0x004276BB,"Handler_004276BB",42,""
0x004276E5,"Handler_004276E5",42,""
0x0042770F,"OnActivateTopLevel",150,"CFrameWnd * this;uint param_1;long param_2"
0x004277A5,"OnActivate",253,"CFrameWnd * this;uint param_1;CWnd * param_2;int param_3"
0x004278A2,"OnSysCommand",163,"CFrameWnd * this;uint param_1;long param_2"
0x00427945,"OnDropFiles",171,"CFrameWnd * this;HDROP__ * param_1"
0x004279F0,"Handler_004279F0",38,""
0x00427A16,"OnEndSession",61,"CFrameWnd * this;int param_1"
0x00427A53,"OnDDEInitiate",235,"CFrameWnd * this;uint param_1;long param_2"
0x00427B3E,"FUN_00427b3e",17,"int param_1"
0x00427B4F,"ShowControlBar",261,"CFrameWnd * this;CControlBar * param_1;int param_2;int param_3"
0x00427C54,"OnInitMenuPopup",417,"CFrameWnd * this;CMenu * param_1;uint param_2;int param_3"
0x00427DF5,"OnMenuSelect",421,"CFrameWnd * this;uint param_1;uint param_2;HMENU__ * param_3"
0x00427F9A,"OnPopMessageString",39,"CFrameWnd * this;uint param_1;long param_2"
0x00427FC1,"GetMessageBar",16,"CFrameWnd * this"
0x00427FD1,"SetMessageText",28,"CFrameWnd * this;uint param_1"
0x00427FED,"GetControlBar",82,"CFrameWnd * this;uint param_1"
0x0042803F,"OnUpdateControlBarMenu",67,"CFrameWnd * this;CCmdUI * param_1"
0x00428082,"OnBarCheck",62,"CFrameWnd * this;uint param_1"
0x004280C0,"OnUpdateKeyIndicator",93,"CFrameWnd * this;CCmdUI * param_1"
0x0042811D,"OnUpdateContextHelp",61,"CFrameWnd * this;CCmdUI * param_1"
0x0042815A,"OnSetPreviewMode",610,"CFrameWnd * this;int param_1;CPrintPreviewState * param_2"
0x004283BC,"Handler_004283BC",123,""
0x00428437,"RecalcLayout",236,"CFrameWnd * this;int param_1"
0x00428523,"NegotiateBorderSpace",110,"CFrameWnd * this;uint param_1;tagRECT * param_2"
0x00428591,"OnSize",36,"CFrameWnd * this;uint param_1;int param_2;int param_3"
0x004285B5,"Handler_004285B5",22,""
0x004285CB,"FUN_004285cb",33,"void * this;byte param_1"
0x004285EC,"ActivateFrame",86,"CFrameWnd * this;int param_1"
0x00428642,"Handler_00428642",49,""
0x00428673,"SetMenu",71,"CFrameWnd * this;CMenu * param_1"
0x004286BA,"GetData",20,"CThreadLocal<AFX_MODULE_THREAD_STATE> * this"
0x004286CE,"EnsureRead",34,"CArchive * this;void * param_1;uint param_2"
0x004286F0,"Add",25,"CArray<HWND__*,HWND__*> * this;HWND__ * param_1"
0x00428709,"FUN_00428709",21,"undefined4 * param_1"
0x0042871E,"FUN_0042871e",40,"void * this;undefined4 param_1"
0x00428746,"FUN_00428746",11,"CList<IControlSiteFactory*,IControlSiteFactory*> * param_1"
0x00428751,"FUN_00428751",33,"void * this;byte param_1"
0x00428772,"FID_conflict:`scalar_deleting_destructor'",39,"void * this;byte param_1"
0x00428799,"GetProcAddress_ImageList_Draw",47,"CComCtlWrapper * this"
0x004287C8,"_ImageList_Draw",132,"CComCtlWrapper * this;_IMAGELIST * param_1;int param_2;HDC__ * param_3;int param_4;int param_5;uint param_6"
0x0042884C,"FUN_0042884c",54,""
0x00428882,"GetProcAddress_ImageList_GetImageInfo",48,"CComCtlWrapper * this"
0x004288B2,"_ImageList_GetImageInfo",126,"CComCtlWrapper * this;_IMAGELIST * param_1;int param_2;_IMAGEINFO * param_3"
0x00428930,"FUN_00428930",54,""
0x00428966,"AfxImageList_Draw",42,"_IMAGELIST * param_1;int param_2;HDC__ * param_3;int param_4;int param_5;uint param_6"
0x00428990,"AfxImageList_GetImageInfo",33,"_IMAGELIST * param_1;int param_2;_IMAGEINFO * param_3"
0x004289B1,"Draw",40,"CImageList * this;CDC * param_1;int param_2;tagPOINT param_3;uint param_4"
0x004289D9,"BeginModalState",297,"CFrameWnd * this"
0x00428B02,"OnEnable",229,"CFrameWnd * this;int param_1"
0x00428BE7,"OnCreate",29,"void * this;undefined4 * param_1"
0x00428C04,"OnEnterIdle",52,"CFrameWnd * this;uint param_1;CWnd * param_2"
0x00428C38,"Serialize",66,"void * this;CArchive * param_1"
0x00428C7A,"Serialize",100,"void * this;CArchive * param_1"
0x00428CDE,"AddFrameWnd",31,"CFrameWnd * this"
0x00428CFD,"RemoveFrameWnd",31,"CFrameWnd * this"
0x00428D1C,"Handler_00428D1C",184,""
0x00428EE3,"Handler_00428EE3",286,""
0x00429001,"CFrameWnd",220,"CFrameWnd * this"
0x004290DD,"Handler_004290DD",151,""
0x00429137,"GetMessageString",73,"uint param_1;CSimpleStringT<wchar_t,0> * param_2"
0x004291B0,"FUN_004291b0",99,"CFrameWnd * param_1"
0x00429213,"Catch@00429213",174,""
0x004292C7,"FUN_004292c7",46,""
0x004292F5,"LoadFrame",245,"CFrameWnd * this;uint param_1;ulong param_2;CWnd * param_3;CCreateContext * param_4"
0x004293EA,"FUN_004293ea",11,"CImageList * param_1"
0x004293F5,"FUN_004293f5",33,"void * this;byte param_1"
0x00429416,"~CChevronOwnerDrawMenu",58,"CChevronOwnerDrawMenu * this"
0x00429450,"FUN_00429450",39,"void * this;byte param_1"
0x00429477,"Create",172,"void * this;undefined4 param_1;short * param_2;undefined4 param_3;int * param_4;int param_5;LPCWSTR param_6;undefined4 param_7;undefined4 param_8"
0x00429523,"Handler_00429523",200,""
0x004295EB,"Catch@004295eb",31,""
0x0042960A,"Handler_0042960A",1318,""
0x00429B30,"UpdateFrameTitleForDocument",239,"CFrameWnd * this;wchar_t * param_1"
0x00429C1F,"FUN_00429c1f",6,""
0x00429C25,"OnUpdateFrameTitle",83,"CFrameWnd * this;int param_1"
0x00429C78,"CStatusBar",44,"CStatusBar * this"
0x00429CA4,"FUN_00429ca4",28,"void * this;undefined4 param_1;undefined4 param_2;undefined4 param_3"
0x00429CC0,"PreCreateWindow",44,"void * this;int param_1"
0x00429CEC,"CalcInsideRect",116,"CStatusBar * this;CRect * param_1;int param_2"
0x00429D60,"CommandToIndex",50,"CStatusBar * this;uint param_1"
0x00429D92,"GetPaneInfo",41,"CStatusBar * this;int param_1;uint * param_2;uint * param_3;int * param_4"
0x00429DBB,"Handler_00429DBB",21,""
0x00429DD0,"OnBarStyleChange",42,"CStatusBar * this;ulong param_1;ulong param_2"
0x00429DFA,"thunk_FUN_004357db",5,""
0x00429DFF,"OnChildNotify",35,"void * this;uint param_1;uint param_2;long param_3;long * param_4"
0x00429E22,"OnWindowPosChanging",40,"void * this;tagWINDOWPOS * param_1"
0x00429E4A,"FUN_00429e4a",27,"void * this;undefined4 param_1"
0x00429E65,"FUN_00429e65",6,""
0x00429E6B,"FUN_00429e6b",32,"void * this;int param_1"
0x00429E8C,"SelectObject",28,"CDC * this;void * param_1"
0x00429EA8,"CreateEx",118,"CStatusBar * this;CWnd * param_1;ulong param_2;ulong param_3;uint param_4"
0x00429F1E,"CalcFixedLayout",200,"CStatusBar * this;int param_1;int param_2"
0x00429FE6,"OnNcCalcSize",68,"CStatusBar * this;int param_1;tagNCCALCSIZE_PARAMS * param_2"
0x0042A02A,"OnUpdateCmdUI",118,"CStatusBar * this;CFrameWnd * param_1;int param_2"
0x0042A0A0,"FUN_0042a0a0",21,"undefined4 * param_1"
0x0042A0B5,"FUN_0042a0b5",33,"void * this;byte param_1"
0x0042A0D6,"OnGetText",91,"CStatusBar * this;uint param_1;long param_2"
0x0042A131,"Handler_0042A131",38,""
0x0042A157,"GetTextExtent",47,"void * this;int * param_1;undefined4 * param_2"
0x0042A186,"`scalar_deleting_destructor'",38,"CStringT<char,StrTraitMFC<char,ATL::ChTraitsCRT<char>_>_> * this;uint param_1"
0x0042A1AC,"GetPaneText",39,"void * this;void * param_1;int param_2"
0x0042A1D3,"AllocElements",101,"CStatusBar * this;int param_1;int param_2"
0x0042A238,"~CStatusBar",52,"CStatusBar * this"
0x0042A26C,"`scalar_deleting_destructor'",33,"CStatusBar * this;uint param_1"
0x0042A28D,"SetPaneText",161,"CStatusBar * this;int param_1;char * param_2;int param_3"
0x0042A2E1,"Catch@0042a2e1",6,""
0x0042A338,"OnSetText",49,"CStatusBar * this;uint param_1;long param_2"
0x0042A369,"SetText",25,"void * this;char * param_1"
0x0042A382,"UpdateAllPanes",363,"CStatusBar * this;int param_1;int param_2"
0x0042A4ED,"SetPaneStyle",79,"CStatusBar * this;int param_1;uint param_2"
0x0042A53C,"SetPaneInfo",122,"CStatusBar * this;int param_1;uint param_2;uint param_3;int param_4"
0x0042A5B6,"Handler_0042A5B6",22,""
0x0042A5CC,"Handler_0042A5CC",25,""
0x0042A5E5,"Enable",61,"CStatusCmdUI * this;int param_1"
0x0042A622,"SetCheck",54,"CStatusCmdUI * this;int param_1"
0x0042A774,"FUN_0042a774",6,""
0x0042A77A,"FUN_0042a77a",12,""
0x0042A786,"DoEnableModeless",57,"int param_1"
0x0042A7BF,"GetSafeOwner_",160,"HWND__ * param_1;HWND__ * * param_2"
0x0042A85F,"EnableModeless",18,"CWinApp * this;int param_1"
0x0042A871,"ShowAppMessageBox",357,"CWinApp * param_1;wchar_t * param_2;uint param_3;uint param_4"
0x0042A9D6,"AfxMessageBox",51,"wchar_t * param_1;uint param_2;uint param_3"
0x0042AA09,"DoMessageBox",27,"CWinApp * this;wchar_t * param_1;uint param_2;uint param_3"
0x0042AA24,"AfxMessageBox",79,"uint param_1;uint param_2;uint param_3"
0x0042AA73,"OnFileNew",15,"CWinApp * this"
0x0042AA82,"Handler_0042AA82",19,""
0x0042AA95,"FUN_0042aa95",25,"int param_1"
0x0042AAAE,"FUN_0042aaae",6,""
0x0042AAB4,"FUN_0042aab4",26,""
0x0042AACE,"CActivationContext",183,"CActivationContext * this;void * param_1"
0x0042AB85,"Create",58,"CActivationContext * this;tagACTCTXW * param_1"
0x0042ABBF,"Activate",45,"CActivationContext * this"
0x0042ABEC,"Deactivate",38,"CActivationContext * this"
0x0042AC12,"_LoadSysPolicies",197,"CWinApp * this"
0x0042ACD7,"GetSysPolicyValue",36,"CWinApp * this;ulong param_1;int * param_2"
0x0042ACFB,"InitApplication",64,"CWinApp * this"
0x0042AD3B,"LoadStdProfileSettings",134,"CWinApp * this;uint param_1"
0x0042ADC1,"ParseCommandLine",94,"CWinApp * this;CCommandLineInfo * param_1"
0x0042AE1F,"SaveStdProfileSettings",55,"CWinApp * this"
0x0042AE56,"ExitInstance",99,"CWinApp * this"
0x0042AEB9,"AfxPostQuitMessage",34,"int param_1"
0x0042AEDB,"ProcessWndProcException",131,"CWinApp * this;CException * param_1;tagMSG * param_2"
0x0042AF5E,"OnIdle",102,"CWinApp * this;long param_1"
0x0042AFC4,"DevModeChange",161,"CWinApp * this;wchar_t * param_1"
0x0042B065,"FUN_0042b065",6,""
0x0042B06B,"AfxSetResourceHandle",20,"HINSTANCE__ * param_1"
0x0042B07F,"FUN_0042b07f",32,"PCNZCH param_1;PCNZCH param_2"
0x0042B09F,"_AfxLoadLangDLL",204,"wchar_t * param_1;wchar_t * param_2;ulong param_3"
0x0042B16B,"Release",32,"CActivationContext * this"
0x0042B18B,"_LoadSysPolicies",5,"CWinApp * this"
0x0042B190,"InitInstance",52,"CWinApp * this"
0x0042B1C4,"ParseParamFlag",368,"CCommandLineInfo * this;char * param_1"
0x0042B334,"Run",35,"CWinApp * this"
0x0042B357,"FID_conflict:WinHelpW",65,"HWND hWndMain;LPCWSTR lpszHelp;UINT uCommand;ULONG_PTR dwData"
0x0042B398,"FID_conflict:HtmlHelpW",68,"void * this;undefined4 param_1;undefined4 param_2"
0x0042B3DC,"WinHelpInternal",68,"CWinApp * this;ulong param_1;uint param_2"
0x0042B420,"FUN_0042b420",5,"CActivationContext * param_1"
0x0042B425,"AfxLoadLangResourceDLL",625,"wchar_t * param_1;wchar_t * param_2"
0x0042B696,"LoadAppLangResourceDLL",121,"CWinApp * this"
0x0042B70F,"FUN_0042b70f",215,"void * this;wchar_t * param_1"
0x0042B7E6,"CCommandLineInfo",68,"CCommandLineInfo * this"
0x0042B82A,"FUN_0042b82a",56,"undefined4 * param_1"
0x0042B862,"ParseLast",52,"CCommandLineInfo * this;int param_1"
0x0042B896,"`scalar_deleting_destructor'",33,"CCommandLineInfo * this;uint param_1"
0x0042B8B7,"ParseParamNotFlag",83,"CCommandLineInfo * this;char * param_1"
0x0042B90A,"FUN_0042b90a",281,"undefined4 * param_1"
0x0042BA23,"Catch@0042ba23",167,""
0x0042BAD0,"FUN_0042bad0",17,""
0x0042BAE1,"FUN_0042bae1",33,"void * this;byte param_1"
0x0042BB02,"ParseParam",44,"CCommandLineInfo * this;char * param_1;int param_2;int param_3"
0x0042BB2E,"ParseParamNotFlag",83,"void * this;short * param_1"
0x0042BB81,"ParseParam",81,"void * this;LPCWSTR param_1;int param_2;int param_3"
0x0042BBD2,"FUN_0042bbd2",136,"UINT * param_1"
0x0042BC5A,"AfxOleTerm",92,"int param_1"
0x0042BCB6,"AfxOleTermOrFreeLib",83,"int param_1;int param_2"
0x0042BD09,"memmove_s",33,"void * param_1;uint param_2;void * param_3;uint param_4"
0x0042BD2A,"AfxOleInit",148,""
0x0042BDBE,"IsDialogEx",26,"DLGTEMPLATE * param_1"
0x0042BDD8,"_AfxFindFirstDlgItem",137,"DLGTEMPLATE * param_1"
0x0042BE61,"_AfxFindNextDlgItem",105,"DLGITEMTEMPLATE * param_1;int param_2"
0x0042BECA,"FUN_0042beca",26,"void * param_1;AFX_EVENT * param_2;int * param_3;undefined4 * param_4"
0x0042BEE4,"PreCreateDialog",295,"COccManager * this;_AFX_OCC_DIALOG_INFO * param_1;DLGTEMPLATE * param_2"
0x0042C00B,"PostCreateDialog",50,"COccManager * this;_AFX_OCC_DIALOG_INFO * param_1"
0x0042C03D,"SplitDialogTemplate",340,"COccManager * this;DLGTEMPLATE * param_1;DLGITEMTEMPLATE * * param_2"
0x0042C191,"CompareElements<>",37,"int * param_1;int * param_2"
0x0042C1B6,"RemoveAll",45,"CList<IControlSiteFactory*,IControlSiteFactory*> * this"
0x0042C1E3,"NewNode",98,"CList<IControlSiteFactory*,IControlSiteFactory*> * this;CNode * param_1;CNode * param_2"
0x0042C245,"CreateContainer",53,"COccManager * this;CWnd * param_1"
0x0042C27A,"CreateDlgControls",146,"int * param_1;int param_2;LPCWSTR param_3;undefined4 param_4"
0x0042C30C,"CreateSite",53,"COleControlSiteFactory * this;COleControlContainer * param_1;CControlCreationInfo * param_2"
0x0042C341,"CreateSite",48,"CControlSiteFactoryMgr * this;COleControlContainer * param_1;CControlCreationInfo * param_2"
0x0042C371,"CList<IControlSiteFactory*,IControlSiteFactory*>",40,"CList<IControlSiteFactory*,IControlSiteFactory*> * this;int param_1"
0x0042C399,"SerializeElements<HWND__*>",136,"CArchive * param_1;HWND__ * * param_2;int param_3"
0x0042C421,"AddHead",47,"CList<IControlSiteFactory*,IControlSiteFactory*> * this;IControlSiteFactory * param_1"
0x0042C450,"Find",56,"CList<IControlSiteFactory*,IControlSiteFactory*> * this;IControlSiteFactory * param_1;__POSITION * param_2"
0x0042C488,"FUN_0042c488",11,"CList<IControlSiteFactory*,IControlSiteFactory*> * param_1"
0x0042C493,"FID_conflict:`scalar_deleting_destructor'",39,"void * this;byte param_1"
0x0042C4BA,"AddTail",46,"void * this;undefined4 param_1"
0x0042C4E8,"BindControls",277,"COccManager * this;CWnd * param_1"
0x0042C5FD,"FUN_0042c5fd",34,"void * this;byte param_1"
0x0042C61F,"~CControlSiteFactoryMgr",73,"CControlSiteFactoryMgr * this"
0x0042C668,"RegisterSiteFactory",53,"CControlSiteFactoryMgr * this;IControlSiteFactory * param_1"
0x0042C6B2,"CControlSiteFactoryMgr",84,"CControlSiteFactoryMgr * this"
0x0042C6FE,"Catch_All@0042c6fe",26,""
0x0042C723,"`scalar_deleting_destructor'",32,"CControlSiteFactoryMgr * this;uint param_1"
0x0042C76F,"AfxEnableControlContainer",50,"COccManager * param_1"
0x0042C7A1,"CreateSite",86,"COccManager * this;COleControlContainer * param_1;CControlCreationInfo * param_2"
0x0042C7F7,"CreateDlgControl",749,"COccManager * this;CWnd * param_1;HWND__ * param_2;int param_3;DLGITEMTEMPLATE * param_4;ushort param_5;uchar * param_6;ulong param_7;HWND__ * * param_8"
0x0042CAE4,"CreateDlgControls",350,"COccManager * this;CWnd * param_1;void * param_2;_AFX_OCC_DIALOG_INFO * param_3"
0x0042CC42,"SetRegistryKey",54,"CWinApp * this;wchar_t * param_1"
0x0042CC78,"GetAppRegistryKey",147,"CWinApp * this"
0x0042CD0B,"GetSectionKey",72,"CWinApp * this;wchar_t * param_1"
0x0042CD53,"FID_conflict:GetProfileIntW",107,"LPCWSTR lpAppName;LPCWSTR lpKeyName;INT nDefault"
0x0042CDBE,"WriteProfileInt",137,"CWinApp * this;wchar_t * param_1;wchar_t * param_2;int param_3"
0x0042CE47,"WriteProfileStringW",155,"CWinApp * this;wchar_t * param_1;wchar_t * param_2;wchar_t * param_3"
0x0042CEE2,"FUN_0042cee2",37,"void * this;int param_1"
0x0042CF08,"GetProfileStringW",411,"CWinApp * this;wchar_t * param_1;wchar_t * param_2;wchar_t * param_3"
0x0042D0A3,"CSingleDocTemplate",42,"CSingleDocTemplate * this;uint param_1;CRuntimeClass * param_2;CRuntimeClass * param_3;CRuntimeClass * param_4"
0x0042D0CD,"FUN_0042d0cd",8,"int param_1"
0x0042D0D5,"FUN_0042d0d5",25,"void * this;int * param_1"
0x0042D0EE,"AddDocument",27,"CSingleDocTemplate * this;CDocument * param_1"
0x0042D109,"RemoveDocument",25,"CSingleDocTemplate * this;CDocument * param_1"
0x0042D122,"FUN_0042d122",6,""
0x0042D128,"`scalar_deleting_destructor'",39,"CSingleDocTemplate * this;uint param_1"
0x0042D14F,"SetDefaultTitle",104,"CSingleDocTemplate * this;CDocument * param_1"
0x0042D1B7,"OpenDocumentFile",401,"void * this;int param_1;int param_2"
0x0042D348,"FUN_0042d348",4,""
0x0042D34C,"GetFirstDocTemplatePosition",17,"CWinApp * this"
0x0042D35D,"GetNextDocTemplate",25,"CWinApp * this;__POSITION * * param_1"
0x0042D376,"ProcessShellCommand",382,"CWinApp * this;CCommandLineInfo * param_1"
0x0042D4F4,"AddDocTemplate",76,"CWinApp * this;CDocTemplate * param_1"
0x0042D540,"AfxDelRegTreeHelper",349,"HKEY__ * param_1;CStringT<wchar_t,StrTraitMFC<wchar_t,ATL::ChTraitsCRT<wchar_t>_>_> * param_2"
0x0042D655,"Catch@0042d655",27,""
0x0042D6BE,"Unregister",371,"CWinApp * this"
0x0042D831,"FUN_0042d831",9,""
0x0042D83A,"FUN_0042d83a",9,""
0x0042D843,"AfxInternalProcessWndProcException",42,"CException * param_1;tagMSG * param_2"
0x0042D86D,"AfxProcessWndProcException",29,"CException * param_1;tagMSG * param_2"
0x0042D88A,"FUN_0042d88a",57,"int param_1"
0x0042D8C3,"~CWinThread",72,"CWinThread * this"
0x0042D90B,"FUN_0042d90b",14,"int * param_1"
0x0042D919,"Run",148,"CWinThread * this"
0x0042D9AD,"FUN_0042d9ad",9,""
0x0042D9B6,"DispatchThreadMessageEx",126,"CWinThread * this;tagMSG * param_1"
0x0042DA34,"FUN_0042da34",11,"CException * param_1;tagMSG * param_2"
0x0042DA3F,"IsEnterKey",32,"tagMSG * param_1"
0x0042DA5F,"FUN_0042da5f",6,""
0x0042DA65,"operator==",31,"CPoint * this;tagPOINT param_1"
0x0042DA84,"AfxInternalPreTranslateMessage",115,"tagMSG * param_1"
0x0042DAF7,"AfxPreTranslateMessage",33,"tagMSG * param_1"
0x0042DB18,"AfxInternalIsIdleMessage",113,"tagMSG * param_1"
0x0042DB89,"AfxIsIdleMessage",33,"tagMSG * param_1"
0x0042DBAA,"`scalar_deleting_destructor'",33,"CWinThread * this;uint param_1"
0x0042DBCB,"FUN_0042dbcb",54,"CCmdTarget * param_1"
0x0042DC01,"IsIdleMessage",18,"CWinThread * this;tagMSG * param_1"
0x0042DC13,"PreTranslateMessage",18,"CWinThread * this;tagMSG * param_1"
0x0042DC25,"FUN_0042dc25",27,"int param_1"
0x0042DC40,"AfxInternalPumpMessage",70,""
0x0042DC86,"AfxPumpMessage",22,""
0x0042DC9C,"_AfxMsgFilterHook",100,"int param_1;uint param_2;long param_3"
0x0042DD00,"ProcessMessageFilter",303,"CWinThread * this;int param_1;tagMSG * param_2"
0x0042DE2F,"AfxInternalPumpMessage",5,""
0x0042DE34,"AfxInitThread",46,""
0x0042DE62,"OnIdle",258,"CWinThread * this;long param_1"
0x0042DF64,"DoWaitCursor",127,"CWinApp * this;int param_1"
0x0042DFE3,"FUN_0042dfe3",18,"int param_1"
0x0042DFF5,"AddToRecentFileList",41,"void * this;int param_1"
0x0042E01E,"FUN_0042e01e",25,"int param_1"
0x0042E037,"CloseAllDocuments",24,"CWinApp * this;int param_1"
0x0042E04F,"OnUpdateRecentFileMenu",51,"CWinApp * this;CCmdUI * param_1"
0x0042E082,"FUN_0042e082",26,"int param_1"
0x0042E09C,"operator[]",32,"CRecentFileList * this;int param_1"
0x0042E0BC,"Handler_0042E0BC",19,""
0x0042E0CF,"HideApplication",52,"CWinApp * this"
0x0042E103,"OnOpenRecentFile",94,"CWinApp * this;uint param_1"
0x0042E161,"FUN_0042e161",5,"int * param_1"
0x0042E166,"FUN_0042e166",1,""
0x0042E167,"CanCloseFrame",75,"CDocument * this;CFrameWnd * param_1"
0x0042E1B2,"FUN_0042e1b2",3,""
0x0042E1B5,"Handler_0042E1B5",27,""
0x0042E1D0,"Handler_0042E1D0",8,""
0x0042E1D8,"Handler_0042E1D8",13,""
0x0042E1E5,"ReleaseFile",41,"CDocument * this;CFile * param_1;int param_2"
0x0042E20E,"AddView",37,"CDocument * this;CView * param_1"
0x0042E233,"RemoveView",52,"CDocument * this;CView * param_1"
0x0042E267,"OnCmdMsg",71,"CDocument * this;uint param_1;int param_2;void * param_3;AFX_CMDHANDLERINFO * param_4"
0x0042E2AE,"AtlAdd<int>",40,"int * param_1;int param_2;int param_3"
0x0042E2DC,"DisconnectViews",35,"CDocument * this"
0x0042E2FF,"FUN_0042e2ff",25,"int * param_1"
0x0042E318,"UpdateFrameCounts",239,"CDocument * this"
0x0042E407,"DoFileSave",57,"CDocument * this"
0x0042E440,"FUN_0042e440",104,"int * param_1"
0x0042E4A9,"FUN_0042e4a9",4,"int param_1"
0x0042E4AD,"GetNextView",30,"CDocument * this;__POSITION * * param_1"
0x0042E4CB,"FindOneOf",39,"CStringT<wchar_t,StrTraitMFC<wchar_t,ATL::ChTraitsCRT<wchar_t>_>_> * this;wchar_t * param_1"
0x0042E4F2,"AtlAddThrow<int>",39,"int param_1;int param_2"
0x0042E519,"FUN_0042e519",32,"int * param_1"
0x0042E539,"CDocument",83,"CDocument * this"
0x0042E58C,"~CDocument",95,"CDocument * this"
0x0042E5EB,"Abort",27,"CMirrorFile * this"
0x0042E606,"Close",120,"CMirrorFile * this"
0x0042E67E,"CMirrorFile",28,"CMirrorFile * this"
0x0042E69A,"~CMirrorFile",24,"CMirrorFile * this"
0x0042E6B2,"Mid",128,"CStringT<wchar_t,StrTraitMFC<wchar_t,ATL::ChTraitsCRT<wchar_t>_>_> * this;int param_1;int param_2"
0x0042E732,"GetFile",89,"undefined4 param_1;undefined4 param_2;undefined4 param_3"
0x0042E78B,"FUN_0042e78b",33,"void * this;byte param_1"
0x0042E7AC,"SaveModified",257,"CDocument * this"
0x0042E8AD,"FUN_0042e8ad",34,"void * this;short * param_1"
0x0042E8CF,"SetPathName",184,"CDocument * this;wchar_t * param_1;int param_2"
0x0042E987,"ReportSaveLoadException",388,"wchar_t * param_1;CObject * param_2;int param_3;uint param_4"
0x0042EB0B,"Open",652,"CMirrorFile * this;wchar_t * param_1;uint param_2;CFileException * param_3"
0x0042ED97,"CStringT<wchar_t,StrTraitMFC<wchar_t,ATL::ChTraitsCRT<wchar_t>_>_>",63,"CStringT<wchar_t,StrTraitMFC<wchar_t,ATL::ChTraitsCRT<wchar_t>_>_> * this;wchar_t * param_1;IAtlStringMgr * param_2"
0x0042EDD6,"FUN_0042edd6",264,"void * this;int param_1"
0x0042EEDE,"Catch@0042eede",65,""
0x0042EF1F,"Catch@0042ef1f",21,""
0x0042EF36,"FUN_0042ef36",25,""
0x0042EF5B,"FUN_0042ef5b",28,""
0x0042EF77,"FUN_0042ef77",245,"void * this;int param_1"
0x0042F06C,"Catch@0042f06c",80,""
0x0042F0BC,"Catch@0042f0bc",21,""
0x0042F0DD,"FUN_0042f0dd",28,""
0x0042F0F9,"Tokenize",181,"CStringT<wchar_t,StrTraitMFC<wchar_t,ATL::ChTraitsCRT<wchar_t>_>_> * this;wchar_t * param_1;int * param_2"
0x0042F1AE,"FUN_0042f1ae",363,"void * this;short * param_1;int param_2"
0x0042F303,"Catch@0042f303",25,""
0x0042F31E,"FUN_0042f31e",28,""
0x0042F350,"FUN_0042f350",11,"void * this;tagCREATESTRUCTW * param_1"
0x0042F35B,"OnChildNotify",35,"void * this;uint param_1;uint param_2;long param_3;long * param_4"
0x0042F37E,"FUN_0042f37e",6,""
0x0042F384,"RemoveImageList",61,"void * this;WPARAM param_1"
0x0042F3C1,"Handler_0042F3C1",38,""
0x0042F414,"FUN_0042f414",6,""
0x0042F41A,"CView",18,"CView * this"
0x0042F42C,"PreCreateWindow",62,"int param_1"
0x0042F46A,"Handler_0042F46A",48,""
0x0042F49A,"CalcWindowRect",114,"CView * this;tagRECT * param_1;uint param_2"
0x0042F50C,"Handler_0042F50C",75,""
0x0042F557,"FUN_0042f557",14,"int * param_1"
0x0042F565,"FUN_0042f565",20,"void * this;undefined4 param_1"
0x0042F579,"OnActivateView",35,"CView * this;int param_1;CView * param_2;CView * param_3"
0x0042F59C,"FUN_0042f59c",5,""
0x0042F5A1,"FUN_0042f5a1",8,""
0x0042F5A9,"FUN_0042f5a9",5,""
0x0042F5AE,"FUN_0042f5ae",6,""
0x0042F5B4,"FUN_0042f5b4",3,""
0x0042F5B7,"Handler_0042F5B7",8,""
0x0042F5BF,"CPushRoutingView",55,"CPushRoutingView * this;CView * param_1"
0x0042F5F6,"~CPushRoutingView",30,"CPushRoutingView * this"
0x0042F614,"OnCreate",53,"void * this;int * param_1"
0x0042F649,"OnCmdMsg",103,"CView * this;uint param_1;int param_2;void * param_3;AFX_CMDHANDLERINFO * param_4"
0x0042F6B0,"FUN_0042f6b0",16,"int param_1"
0x0042F6C0,"OnMouseActivate",116,"CView * this;CWnd * param_1;uint param_2;uint param_3"
0x0042F734,"GetParentSplitter",106,"CWnd * param_1;int param_2"
0x0042F79E,"GetScrollBarCtrl",122,"CView * this;int param_1"
0x0042F818,"OnUpdateSplitCmd",58,"CView * this;CCmdUI * param_1"
0x0042F852,"Handler_0042F852",28,""
0x0042F86E,"OnUpdateNextPaneMenu",67,"CView * this;CCmdUI * param_1"
0x0042F8B1,"OnNextPaneCmd",47,"CView * this;uint param_1"
0x0042F8E0,"OnPrepareDC",47,"CView * this;CDC * param_1;CPrintInfo * param_2"
0x0042F90F,"OnEndPrintPreview",191,"CView * this;CDC * param_1;CPrintInfo * param_2;tagPOINT param_3;CPreviewView * param_4"
0x0042F9CE,"PreCreateWindow",79,"CCtrlView * this;tagCREATESTRUCTW * param_1"
0x0042FA23,"FUN_0042fa23",6,""
0x0042FA29,"FUN_0042fa29",101,"CWnd * param_1"
0x0042FA8E,"Catch@0042fa8e",161,""
0x0042FB35,"FUN_0042fb35",17,""
0x0042FB46,"~CCtrlView",24,"CCtrlView * this"
0x0042FB5E,"CCtrlView",66,"void * this;short * param_1;undefined4 param_2"
0x0042FBA0,"FUN_0042fba0",6,""
0x0042FBA6,"FUN_0042fba6",30,"void * this;LOGFONTW * param_1"
0x0042FBDE,"FUN_0042fbde",26,"undefined4 * param_1"
0x0042FBF8,"afxMapHMENU",116,"int param_1"
0x0042FC6C,"FromHandle",20,"HMENU__ * param_1"
0x0042FC80,"FromHandlePermanent",33,"HMENU__ * param_1"
0x0042FCA1,"Attach",44,"void * this;int param_1"
0x0042FCCD,"Detach",44,"int param_1"
0x0042FCF9,"DestroyMenu",22,"CMenu * this"
0x0042FD0F,"FID_conflict:ExtTextOutA",43,"HDC hdc;int x;int y;UINT options;RECT * lprect;LPCSTR lpString;UINT c;INT * lpDx"
0x0042FD3A,"GetMenuStringW",91,"CMenu * this;uint param_1;CStringT<wchar_t,StrTraitMFC<wchar_t,ATL::ChTraitsCRT<wchar_t>_>_> * param_2;uint param_3"
0x0042FD95,"MeasureItem",323,"CChevronOwnerDrawMenu * this;tagMEASUREITEMSTRUCT * param_1"
0x0042FF50,"`scalar_deleting_destructor'",33,"CChevronOwnerDrawMenu * this;uint param_1"
0x0042FF71,"DrawItem",1133,"CChevronOwnerDrawMenu * this;tagDRAWITEMSTRUCT * param_1"
0x004303DE,"~CThreadLocalObject",5,"CThreadLocalObject * this"
0x004303E3,"_AfxInitContextAPI",110,""
0x00430451,"AfxCreateActCtxW",24,"tagACTCTXW * param_1"
0x00430469,"AfxReleaseActCtx",21,"void * param_1"
0x0043047E,"AfxActivateActCtx",23,"void * param_1;ulong * param_2"
0x00430495,"FUN_00430495",23,""
0x004304AC,"AfxActivateActCtxWrapper",51,"void * param_1;ulong * param_2"
0x004304DF,"CreateActivationContext",252,"AFX_MODULE_STATE * this"
0x004305DB,"Unlock",55,"CTypeLibCache * this"
0x00430612,"FUN_00430612",6,""
0x00430618,"FUN_00430618",25,"undefined4 * param_1"
0x00430631,"~_AFX_THREAD_STATE",55,"_AFX_THREAD_STATE * this"
0x00430668,"~AFX_MODULE_THREAD_STATE",174,"AFX_MODULE_THREAD_STATE * this"
0x00430716,"`scalar_deleting_destructor'",32,"_AFX_THREAD_STATE * this;uint param_1"
0x00430736,"AFX_MODULE_THREAD_STATE",42,"AFX_MODULE_THREAD_STATE * this"
0x00430760,"`scalar_deleting_destructor'",32,"AFX_MODULE_THREAD_STATE * this;uint param_1"
0x00430780,"AfxGetThreadState",25,""
0x00430799,"~AFX_MODULE_STATE",163,"AFX_MODULE_STATE * this"
0x0043083C,"CDllIsolationWrapperBase",40,"CDllIsolationWrapperBase * this;CStringT<char,StrTraitMFC<char,ATL::ChTraitsCRT<char>_>_> * param_1"
0x00430864,"~CDllIsolationWrapperBase",38,"CDllIsolationWrapperBase * this"
0x0043088A,"CComCtlWrapper",548,"CComCtlWrapper * this"
0x00430AAE,"CCommDlgWrapper",131,"CCommDlgWrapper * this"
0x00430B31,"CShellWrapper",71,"CShellWrapper * this"
0x00430B78,"FID_conflict:`scalar_deleting_destructor'",32,"void * this;byte param_1"
0x00430B98,"AFX_MODULE_STATE",282,"AFX_MODULE_STATE * this;int param_1"
0x00430C0C,"Catch@00430c0c",25,""
0x00430CD3,"_AFX_BASE_MODULE_STATE",22,"_AFX_BASE_MODULE_STATE * this"
0x00430CE9,"FID_conflict:`scalar_deleting_destructor'",32,"void * this;byte param_1"
0x00430D38,"AfxGetModuleState",51,""
0x00430D6B,"AfxGetModuleThreadState",25,""
0x00430D84,"AFX_MAINTAIN_STATE2",56,"AFX_MAINTAIN_STATE2 * this;AFX_MODULE_STATE * param_1"
0x00430DBC,"FUN_00430dbc",6,""
0x00430DC2,"CreateObject",60,"CRuntimeClass * this"
0x00430DFE,"Catch@00430dfe",14,""
0x00430E0C,"IsDerivedFrom",43,"CRuntimeClass * this;CRuntimeClass * param_1"
0x00430E37,"IsKindOf",30,"CObject * this;CRuntimeClass * param_1"
0x00430E55,"AfxDynamicDownCast",35,"CRuntimeClass * param_1;CObject * param_2"
0x00430E78,"AfxClassInit",43,"CRuntimeClass * param_1"
0x00430EA3,"AfxIsValidString",17,"wchar_t * param_1;int param_2"
0x00430EB4,"Abort",109,"CArchive * this"
0x00430F21,"Read",305,"CArchive * this;void * param_1;uint param_2"
0x00431052,"Flush",120,"CArchive * this"
0x004310CA,"FillBuffer",239,"CArchive * this;uint param_1"
0x004311B9,"operator<<",63,"CArchive * this;ushort param_1"
0x004311F8,"operator<<",62,"CArchive * this;ulong param_1"
0x00431236,"operator>>",72,"CArchive * this;ushort * param_1"
0x0043127E,"operator>>",71,"CArchive * this;ulong * param_1"
0x004312C5,"FromName",82,"char * param_1"
0x00431317,"Load",119,"CArchive * param_1;uint * param_2"
0x0043138E,"Close",16,"CArchive * this"
0x0043139E,"Write",199,"CArchive * this;void * param_1;uint param_2"
0x00431465,"WriteCount",49,"CArchive * this;ulong param_1"
0x00431496,"ReadCount",52,"CArchive * this"
0x004314CA,"Store",61,"CRuntimeClass * this;CArchive * param_1"
0x00431507,"~CArchive",62,"CArchive * this"
0x00431545,"CArchive",265,"CArchive * this;CFile * param_1;uint param_2;int param_3;void * param_4"
0x0043164E,"AfxCheckError",37,"long param_1"
0x00431673,"COleVariant",54,"COleVariant * this;short param_1;ushort param_2"
0x004316A9,"COleVariant",108,"COleVariant * this;long param_1;ushort param_2"
0x00431715,"ChangeType",47,"COleVariant * this;ushort param_1;tagVARIANT * param_2"
0x00431744,"COleVariant::operator=",36,"void * this;VARIANTARG * param_1"
0x00431768,"FUN_00431768",24,"void * param_1"
0x00431780,"AtlConvertSystemTimeToVariantTime",153,"_SYSTEMTIME * param_1;double * param_2"
0x00431819,"CFixedStringMgr",63,"CFixedStringMgr * this;CStringData * param_1;int param_2;IAtlStringMgr * param_3"
0x00431858,"FUN_00431858",7,"undefined4 * param_1"
0x0043185F,"Allocate",93,"CFixedStringMgr * this;int param_1;int param_2"
0x004318BC,"Free",58,"CFixedStringMgr * this;CStringData * param_1"
0x004318F6,"Reallocate",159,"CFixedStringMgr * this;CStringData * param_1;int param_2;int param_3"
0x00431995,"FUN_00431995",4,"int param_1"
0x00431999,"FUN_00431999",34,"void * this;byte param_1"
0x004319BB,"SetDateTime",98,"COleDateTime * this;int param_1;int param_2;int param_3;int param_4;int param_5;int param_6"
0x00431A1D,"FUN_00431a1d",10,"VARIANTARG * param_1"
0x00431A27,"COleVariant",37,"COleVariant * this;tagVARIANT * param_1"
0x00431A4C,"~CFixedStringT<ATL::CStringT<wchar_t,StrTraitMFC<wchar_t,ATL::ChTraitsCRT<wchar_t>_>_>,256>",41,"CFixedStringT<ATL::CStringT<wchar_t,StrTraitMFC<wchar_t,ATL::ChTraitsCRT<wchar_t>_>_>,256> * this"
0x00431A75,"FUN_00431a75",33,"void * this;byte param_1"
0x00431A96,"CFixedStringT<ATL::CStringT<wchar_t,StrTraitMFC<wchar_t,ATL::ChTraitsCRT<wchar_t>_>_>,256>",71,"CFixedStringT<ATL::CStringT<wchar_t,StrTraitMFC<wchar_t,ATL::ChTraitsCRT<wchar_t>_>_>,256> * this;wchar_t * param_1"
0x00431ADD,"COleVariant",83,"COleVariant * this;wchar_t * param_1;ushort param_2"
0x00431B30,"FUN_00431b30",6,""
0x00431B36,"GetErrorMessage",171,"void * this;wchar_t * param_1;uint param_2;int * param_3"
0x00431BD7,"Catch@00431bd7",6,""
0x00431BE7,"CArchiveException",68,"void * this;undefined4 param_1;short * param_2"
0x00431C2B,"FUN_00431c2b",45,"void * this;byte param_1"
0x00431C58,"FUN_00431c58",66,"undefined4 param_1;short * param_2"
0x00431C9B,"_AfxRelease",33,"IUnknown * * param_1"
0x00431CBC,"_AfxReleaseManagedRefs",88,"IUnknown * param_1"
0x00431D14,"GetInterface",179,"CCmdTarget * this;void * param_1"
0x00431DC7,"QueryAggregates",98,"CCmdTarget * this;void * param_1"
0x00431E29,"ExternalAddRef",27,"CCmdTarget * this"
0x00431E44,"InternalRelease",86,"CCmdTarget * this"
0x00431E9A,"ExternalRelease",21,"CCmdTarget * this"
0x00431EAF,"InternalQueryInterface",67,"CCmdTarget * this;void * param_1;void * * param_2"
0x00431EF2,"ExternalQueryInterface",35,"CCmdTarget * this;void * param_1;void * * param_2"
0x00431F15,"FUN_00431f15",70,"int param_1"
0x00431F5B,"FUN_00431f5b",92,"int param_1"
0x00431FB7,"FUN_00431fb7",73,"int param_1"
0x00432000,"FUN_00432000",36,"int param_1"
0x00432024,"Catch@00432024",161,""
0x004320C5,"AfxRegCreateKey",136,"HKEY__ * param_1;wchar_t * param_2;HKEY__ * * param_3"
0x0043214D,"AfxRegQueryValue",139,"HKEY param_1;LPCWSTR param_2;LPWSTR param_3;PLONG param_4"
0x004321D8,"AfxRegSetValue",142,"HKEY__ * param_1;wchar_t * param_2;ulong param_3;wchar_t * param_4;ulong param_5"
0x00432266,"operator_new",29,"uint param_1"
0x00432283,"operator_delete",22,"void * param_1"
0x00432299,"GetThreadValue",82,"CThreadSlotData * this;int param_1"
0x004322EB,"GetDataNA",26,"CThreadLocalObject * this"
0x00432305,"GetData",63,"CProcessLocalObject * this;_func_CNoTrackObject_ptr * param_1"
0x00432344,"Catch@00432344",16,""
0x00432355,"~CProcessLocalObject",41,"CProcessLocalObject * this"
0x0043237E,"GetNextPtr",26,"CSimpleList * this;void * param_1"
0x00432398,"AddHead",30,"CSimpleList * this;void * param_1"
0x004323B6,"Remove",113,"CSimpleList * this;void * param_1"
0x00432427,"AllocSlot",280,"CThreadSlotData * this"
0x0043253F,"CThreadSlotData",63,"CThreadSlotData * this"
0x0043257E,"FreeSlot",104,"CThreadSlotData * this;int param_1"
0x004325E6,"SetValue",287,"CThreadSlotData * this;int param_1;void * param_2"
0x00432687,"Catch@00432687",22,""
0x0043271B,"FUN_0043271b",27,"void * this;byte param_1"
0x00432736,"DeleteValues",151,"CThreadSlotData * this;CThreadData * param_1;HINSTANCE__ * param_2"
0x004327CD,"DeleteValues",92,"CThreadSlotData * this;HINSTANCE__ * param_1;int param_2"
0x00432829,"GetData",138,"CThreadLocalObject * this;_func_CNoTrackObject_ptr * param_1"
0x004328B3,"~CThreadLocalObject",32,"CThreadLocalObject * this"
0x004328D3,"AfxTermLocalData",25,"HINSTANCE__ * param_1;int param_2"
0x004328EC,"~CThreadSlotData",89,"CThreadSlotData * this"
0x00432945,"`scalar_deleting_destructor'",33,"CThreadSlotData * this;uint param_1"
0x00432966,"FUN_00432966",42,""
0x00432990,"AfxSetWindowText",153,"HWND__ * param_1;wchar_t * param_2"
0x00432A29,"AfxDeleteObject",39,"void * * param_1"
0x00432A50,"AfxGlobalFree",56,"void * param_1"
0x00432A88,"FUN_00432a88",82,"int param_1"
0x00432ADB,"_AfxIsComboBoxControl",96,"HWND__ * param_1;uint param_2"
0x00432B3B,"_AfxCompareClassName",70,"HWND__ * param_1;wchar_t * param_2"
0x00432B81,"_AfxChildWindowFromPoint",118,"HWND__ * param_1;tagPOINT param_2"
0x00432BF7,"AfxCancelModes",124,"HWND__ * param_1"
0x00432C73,"HasFont",31,"DLGTEMPLATE * param_1"
0x00432C92,"FUN_00432c92",14,"undefined4 * param_1"
0x00432CA0,"FUN_00432ca0",6,"undefined4 * param_1"
0x00432CA6,"_SkipString",20,"wchar_t * param_1"
0x00432CBA,"GetFontSizeField",81,"DLGTEMPLATE * param_1"
0x00432D0B,"GetTemplateSize",210,"DLGTEMPLATE * param_1"
0x00432DDD,"SetTemplate",98,"CDialogTemplate * this;DLGTEMPLATE * param_1;uint param_2"
0x00432E3F,"SetFont",293,"CDialogTemplate * this;wchar_t * param_1;ushort param_2"
0x00432F64,"SetSystemFont",164,"CDialogTemplate * this;ushort param_1"
0x00433008,"FUN_00433008",59,"void * this;DLGTEMPLATE * param_1"
0x00433044,"GetFont",72,"DLGTEMPLATE * param_1;CStringT<wchar_t,StrTraitMFC<wchar_t,ATL::ChTraitsCRT<wchar_t>_>_> * param_2;ushort * param_3"
0x0043308C,"AfxFormatStrings",323,"CStringT<wchar_t,StrTraitMFC<wchar_t,ATL::ChTraitsCRT<wchar_t>_>_> * param_1;wchar_t * param_2;wchar_t * * param_3;int param_4"
0x004331CF,"AfxFormatStrings",81,"CStringT<wchar_t,StrTraitMFC<wchar_t,ATL::ChTraitsCRT<wchar_t>_>_> * param_1;uint param_2;wchar_t * * param_3;int param_4"
0x00433220,"AfxFormatString1",26,"CStringT<wchar_t,StrTraitMFC<wchar_t,ATL::ChTraitsCRT<wchar_t>_>_> * param_1;uint param_2"
0x0043323A,"AfxFormatString2",40,"CStringT<wchar_t,StrTraitMFC<wchar_t,ATL::ChTraitsCRT<wchar_t>_>_> * param_1;uint param_2;wchar_t * param_3;wchar_t * param_4"
0x00433262,"RemoveAll",45,"CMapPtrToPtr * this"
0x0043328F,"FreeAssoc",30,"void * this;undefined4 * param_1"
0x004332AD,"GetAssocAt",59,"CMapPtrToPtr * this;void * param_1;uint * param_2;uint * param_3"
0x004332E8,"GetValueAt",69,"CMapPtrToPtr * this;void * param_1"
0x0043332D,"Lookup",41,"CMapPtrToPtr * this;void * param_1;void * * param_2"
0x00433356,"RemoveKey",72,"CMapPtrToPtr * this;void * param_1"
0x0043339E,"GetNextAssoc",125,"CMapPtrToPtr * this;__POSITION * * param_1;void * * param_2;void * * param_3"
0x0043341B,"FUN_0043341b",6,""
0x00433421,"CMapPtrToPtr",51,"CMapPtrToPtr * this;int param_1"
0x00433454,"FUN_00433454",11,"CMapPtrToPtr * param_1"
0x0043345F,"NewAssoc",80,"CMapPtrToPtr * this"
0x004334AF,"operator[]",87,"CMapPtrToPtr * this;void * param_1"
0x00433506,"FUN_00433506",39,"void * this;byte param_1"
0x0043352D,"FUN_0043352d",9,""
0x00433536,"CHandleMap",137,"CHandleMap * this;CRuntimeClass * param_1;_func_void_CObject_ptr * param_2;_func_void_CObject_ptr * param_3;uint param_4;int param_5"
0x004335BF,"FromHandle",161,"CHandleMap * this;void * param_1"
0x00433660,"Catch@00433660",17,""
0x00433672,"DeleteTemp",101,"CHandleMap * this"
0x004336D7,"~CHandleMap",77,"CHandleMap * this"
0x00433724,"FUN_00433724",33,"void * this;byte param_1"
0x00433745,"AfxUnlockTempMaps",251,"int param_1"
0x00433840,"FUN_00433840",46,"int param_1;void * param_2;uint param_3;uint * param_4"
0x0043386E,"Catch@0043386e",18,""
0x00433885,"FUN_00433885",8,""
0x0043388D,"FUN_0043388d",47,"int param_1;void * param_2;uint param_3;uint * param_4"
0x004338BC,"Catch@004338bc",18,""
0x004338D3,"FUN_004338d3",8,""
0x004338DB,"FUN_004338db",8,""
0x004338E3,"QueryInterface",75,"_GUID * param_1;void * * param_2"
0x0043392E,"FUN_0043392e",73,"int param_1;undefined4 param_2;undefined4 param_3;undefined4 param_4;undefined8 * param_5"
0x00433977,"Catch@00433977",18,""
0x0043398E,"FUN_0043398e",8,""
0x00433996,"CArchiveStream",23,"CArchiveStream * this;CArchive * param_1"
0x004339AD,"FillSolidRect",67,"CDC * this;tagRECT * param_1;ulong param_2"
0x004339F0,"DPtoHIMETRIC",144,"CDC * this;tagSIZE * param_1"
0x00433A80,"HIMETRICtoDP",144,"CDC * this;tagSIZE * param_1"
0x00433B10,"FillSolidRect",78,"CDC * this;int param_1;int param_2;int param_3;int param_4;ulong param_5"
0x00433B5E,"Draw3dRect",108,"CDC * this;int param_1;int param_2;int param_3;int param_4;ulong param_5;ulong param_6"
0x00433BCA,"AfxCriticalInit",36,""
0x00433BEE,"FUN_00433bee",69,""
0x00433C33,"AfxLockGlobals",114,"int param_1"
0x00433CA5,"AfxUnlockGlobals",37,"int param_1"
0x00433CCA,"AfxOleCanExitApp",16,""
0x00433CDA,"AfxOleLockApp",16,""
0x00433CEA,"AfxOleSetUserCtrl",20,"int param_1"
0x00433CFE,"FUN_00433cfe",9,""
0x00433D53,"FUN_00433d53",25,""
0x00433D6C,"RemoveAll",34,"CPtrList * this"
0x00433D8E,"FreeNode",39,"void * this;undefined4 * param_1"
0x00433DB5,"RemoveHead",49,"CPtrList * this"
0x00433DE6,"RemoveAt",69,"CPtrList * this;__POSITION * param_1"
0x00433E2B,"Find",35,"CPtrList * this;void * param_1;__POSITION * param_2"
0x00433E4E,"FUN_00433e4e",6,""
0x00433E54,"CPtrList",40,"CPtrList * this;int param_1"
0x00433E7C,"FUN_00433e7c",11,"CPtrList * param_1"
0x00433E87,"NewNode",93,"void * this;undefined4 param_1;undefined4 param_2"
0x00433EE4,"AddHead",47,"void * this;undefined4 param_1"
0x00433F13,"AddTail",46,"CPtrList * this;void * param_1"
0x00433F41,"InsertBefore",64,"CPtrList * this;__POSITION * param_1;void * param_2"
0x00433F81,"FUN_00433f81",39,"void * this;byte param_1"
0x00433FA8,"OsErrorToException",526,"long param_1"
0x00434240,"FUN_00434240",6,""
0x00434246,"GetErrorMessage",174,"void * this;wchar_t * param_1;uint param_2;int * param_3"
0x004342F4,"FUN_004342f4",69,"undefined4 param_1;undefined4 param_2;short * param_3"
0x0043433A,"ThrowOsError",35,"int param_1;short * param_2"
0x0043435D,"tcscat_s",30,"wchar_t * param_1;uint param_2;wchar_t * param_3"
0x0043437B,"AfxGetFileName",64,"wchar_t * param_1;wchar_t * param_2;uint param_3"
0x004343BB,"SetCurrentHandles",405,"CWinApp * this"
0x00434550,"AfxWinInit",135,"HINSTANCE__ * param_1;HINSTANCE__ * param_2;wchar_t * param_3;int param_4"
0x004345D7,"GetLocalTm",66,"CTime * this;tm * param_1"
0x00434619,"GetYear",35,"CTime * this"
0x0043463C,"GetMonth",31,"CTime * this"
0x0043465B,"GetDay",30,"CTime * this"
0x00434679,"GetHour",31,"CTime * this"
0x00434698,"GetMinute",31,"CTime * this"
0x004346B7,"GetSecond",30,"CTime * this"
0x004346D5,"GetStatus",381,"wchar_t * param_1;CFileStatus * param_2"
0x00434852,"AfxTimeToFileTime",158,"CTime * param_1;_FILETIME * param_2"
0x004348F0,"GetStatus",352,"CFile * this;CFileStatus * param_1"
0x00434A50,"GetFileName",149,"CFile * this"
0x00434AE5,"GetFileTitle",149,"CFile * this"
0x00434B7A,"GetFilePath",112,"CFile * this"
0x00434BEA,"FUN_00434bea",6,""
0x00434BF0,"operator<<",23,"CArchive * param_1;CObject * param_2"
0x00434C07,"operator>>",27,"CArchive * param_1;CObject * * param_2"
0x00434C39,"FUN_00434c39",16,"undefined4 * param_1"
0x00434C49,"SetAtGrow",52,"void * this;int param_1;undefined4 param_2"
0x00434C7D,"Serialize",107,"CObArray * this;CArchive * param_1"
0x00434CFE,"FUN_00434cfe",50,"undefined4 * param_1;int param_2;int param_3"
0x00434D31,"FreeDataChain",22,"CPlex * this"
0x00434D47,"CRect",38,"CRect * this;tagPOINT param_1;tagSIZE param_2"
0x00434D6D,"operator!=",24,"CRect * this;tagRECT * param_1"
0x00434D85,"FUN_00434d85",32,"void * this;int param_1"
0x00434DA6,"_GetButton",35,"CToolBar * this;int param_1;_TBBUTTON * param_2"
0x00434DC9,"GetButtonInfo",84,"CToolBar * this;int param_1;uint * param_2;uint * param_3;int * param_4"
0x00434E1D,"SetOwner",26,"CWnd * this;CWnd * param_1"
0x00434E37,"_AfxGetComCtlVersion",116,""
0x00434EAB,"CControlBar",102,"CControlBar * this"
0x00434F11,"PreCreateWindow",125,"void * this;int param_1"
0x00434F8E,"AllocElements",90,"CControlBar * this;int param_1;int param_2"
0x00434FE8,"FUN_00434fe8",14,"int * param_1"
0x00434FF6,"CalcDynamicLayout",38,"void * this;undefined4 param_1;undefined4 param_2;uint param_3"
0x0043501C,"Handler_0043501C",72,""
0x00435064,"Handler_00435064",106,""
0x004350CE,"DestroyWindow",43,"CControlBar * this"
0x004350F9,"Handler_004350F9",73,""
0x00435142,"RecalcDelayShow",140,"CControlBar * this;AFX_SIZEPARENTPARAMS * param_1"
0x004351CE,"DelayShow",61,"CControlBar * this;int param_1"
0x0043520B,"IsVisible",33,"CControlBar * this"
0x0043522C,"FUN_0043522c",78,"void * this;int param_1;undefined4 param_2"
0x0043527A,"FUN_0043527a",78,"void * this;int param_1;undefined4 param_2"
0x004352C8,"CalcInsideRect",188,"CControlBar * this;CRect * param_1;int param_2"
0x00435384,"SetRect",28,"CRect * this;int param_1;int param_2;int param_3;int param_4"
0x004353A0,"FUN_004353a0",8,"CWnd * param_1"
0x004353A8,"~CControlBar",117,"CControlBar * this"
0x0043541D,"ResetTimer",58,"CControlBar * this;uint param_1;uint param_2"
0x00435457,"OnTimer",364,"CControlBar * this;uint param_1"
0x004355C3,"OnHelpHitTest",74,"CControlBar * this;uint param_1;long param_2"
0x0043560D,"OnWindowPosChanging",271,"CControlBar * this;tagWINDOWPOS * param_1"
0x0043571C,"Handler_0043571C",156,""
0x004357B8,"Handler_004357B8",35,""
0x004357DB,"FUN_004357db",200,""
0x004358A3,"OnCtlColor",90,"CControlBar * this;CDC * param_1;CWnd * param_2;uint param_3"
0x004358FD,"OnLButtonDown",78,"CControlBar * this;uint param_1;CPoint param_2"
0x0043594B,"OnLButtonDblClk",60,"CControlBar * this;uint param_1;CPoint param_2"
0x00435987,"OnSizeParent",324,"CControlBar * this;uint param_1;long param_2"
0x00435ACB,"DoPaint",63,"CControlBar * this;CDC * param_1"
0x00435B0A,"DrawBorders",560,"CControlBar * this;CDC * param_1;CRect * param_2"
0x00435D3A,"DrawNonThemedGripper",115,"CControlBar * this;CDC * param_1;CRect * param_2"
0x00435DAD,"DrawThemedGripper",422,"CControlBar * this;CDC * param_1;CRect * param_2;int param_3"
0x00435F53,"SetStatusText",159,"CControlBar * this;int param_1"
0x00435FF2,"PreTranslateMessage",514,"CControlBar * this;tagMSG * param_1"
0x004361F4,"WindowProc",237,"CControlBar * this;uint param_1;uint param_2;long param_3"
0x004362E1,"OnIdleUpdateCmdUI",182,"CControlBar * this;uint param_1;long param_2"
0x00436397,"Handler_00436397",10,""
0x004363A1,"FUN_004363a1",6,""
0x004363A7,"InsertMenuW",30,"CMenu * this;uint param_1;uint param_2;uint param_3;wchar_t * param_4"
0x004363C5,"_AfxAbbreviateName",247,"wchar_t * param_1;int param_2;int param_3"
0x004364BC,"`vector_deleting_destructor'",81,"CStringT<char,StrTraitMFC<char,ATL::ChTraitsCRT<char>_>_> * this;uint param_1"
0x0043650D,"~CRecentFileList",59,"CRecentFileList * this"
0x00436548,"WriteList",149,"CRecentFileList * this"
0x004365DD,"`scalar_deleting_destructor'",33,"CRecentFileList * this;uint param_1"
0x004365FE,"GetDisplayName",410,"CRecentFileList * this;CStringT<wchar_t,StrTraitMFC<wchar_t,ATL::ChTraitsCRT<wchar_t>_>_> * param_1;int param_2;wchar_t * param_3;int param_4;int param_5"
0x00436798,"Remove",74,"CRecentFileList * this;int param_1"
0x004367E2,"ReadList",167,"CRecentFileList * this"
0x00436889,"CRecentFileList",185,"void * this;undefined4 param_1;short * param_2;short * param_3;uint param_4;undefined4 param_5"
0x00436942,"FUN_00436942",165,"void * this;LPCWSTR param_1"
0x004369E8,"UpdateMenu",668,"CRecentFileList * this;CCmdUI * param_1"
0x00436C84,"AfxOleUnlockAllControls",59,""
0x00436CBF,"Revoke",35,"COleObjectFactory * this"
0x00436CE2,"RevokeAll",44,""
0x00436D3A,"GetClipboardOwner",72,""
0x00436D82,"FlushClipboard",16,""
0x00436D92,"FUN_00436d92",4,"int param_1"
0x00436D96,"FUN_00436d96",12,"int param_1"
0x00436DA2,"Register",31,"COleMessageFilter * this"
0x00436DC1,"Revoke",27,"COleMessageFilter * this"
0x00436DDC,"OnMessagePending",72,"COleMessageFilter * this;tagMSG * param_1"
0x00436E24,"IsSignificantMessage",88,"COleMessageFilter * this;tagMSG * param_1"
0x00436E7C,"FUN_00436e7c",6,""
0x00436E82,"AddRef",20,""
0x00436E96,"FUN_00436e96",20,"int param_1"
0x00436EAA,"QueryInterface",26,"_GUID * param_1;void * * param_2"
0x00436EC4,"HandleInComingCall",96,"ulong param_1;HTASK__ * param_2;ulong param_3;tagINTERFACEINFO * param_4"
0x00436F24,"~COleMessageFilter",24,"COleMessageFilter * this"
0x00436F3C,"OnBusyDialog",93,"COleMessageFilter * this;HTASK__ * param_1"
0x00436F99,"Catch@00436f99",14,""
0x00436FA7,"OnNotRespondingDialog",94,"COleMessageFilter * this;HTASK__ * param_1"
0x00437005,"Catch@00437005",14,""
0x00437013,"RetryRejectedCall",129,"HTASK__ * param_1;ulong param_2;ulong param_3"
0x00437094,"MessagePending",215,"HTASK__ * param_1;ulong param_2;ulong param_3"
0x0043716B,"FUN_0043716b",33,"void * this;byte param_1"
0x0043718C,"COleMessageFilter",68,"COleMessageFilter * this"
0x004371D0,"GetEventSinkEntry",119,"uint param_1;AFX_EVENT * param_2"
0x00437247,"FUN_00437247",436,"void * this;AFX_EVENT * param_1;int * param_2;undefined4 * param_3"
0x004373FB,"Catch@004373fb",44,""
0x0043742A,"FUN_0043742a",38,""
0x00437450,"FUN_00437450",6,""
0x00437456,"FUN_00437456",6,""
0x0043745C,"FUN_0043745c",24,"void * this;undefined4 param_1"
0x00437474,"COleControlSiteOrWnd",26,"COleControlSiteOrWnd * this;HWND__ * param_1;int param_2"
0x0043748E,"~COleControlSiteOrWnd",15,"COleControlSiteOrWnd * this"
0x0043749D,"`scalar_deleting_destructor'",33,"COleControlSiteOrWnd * this;uint param_1"
0x004374BE,"OnUIActivate",41,"COleControlContainer * this;COleControlSite * param_1"
0x004374E7,"OnUIDeactivate",30,"COleControlContainer * this;COleControlSite * param_1"
0x00437505,"CheckRadioButton",43,"COleControlContainer * this;int param_1;int param_2;int param_3"
0x00437530,"FUN_00437530",29,"void * this;HWND__ * param_1"
0x0043754D,"GetDlgItemInt",194,"COleControlContainer * this;int param_1;int * param_2;int param_3"
0x0043760F,"FID_conflict:GetDlgItemTextA",34,"HWND hDlg;int nIDDlgItem;LPSTR lpString;int cchMax"
0x00437631,"SetDlgItemInt",91,"COleControlContainer * this;int param_1;uint param_2;int param_3"
0x0043768C,"FID_conflict:SetDlgItemTextW",31,"HWND hDlg;int nIDDlgItem;LPCWSTR lpString"
0x004376AB,"FUN_004376ab",9,"int param_1"
0x004376B4,"AfxGetDlgItemStartFromHWND",43,"int param_1;HWND__ * param_2"
0x004376DF,"QueryInterface",26,"_GUID * param_1;void * * param_2"
0x004376F9,"Release",20,""
0x0043770D,"FUN_0043770d",25,"int param_1;undefined4 * param_2"
0x00437726,"SetActiveObject",59,"IOleInPlaceActiveObject * param_1;wchar_t * param_2"
0x00437761,"CEnumUnknown",36,"CEnumUnknown * this;void * param_1;uint param_2"
0x00437785,"FUN_00437785",6,""
0x0043778B,"~CEnumUnknown",73,"CEnumUnknown * this"
0x004377D4,"OnNext",35,"void * this;undefined4 * param_1"
0x004377F7,"QueryInterface",26,"_GUID * param_1;void * * param_2"
0x00437811,"Release",20,""
0x00437825,"FUN_00437825",8,""
0x0043782D,"FUN_0043782d",8,""
0x00437835,"CControlCreationInfo",13,"CControlCreationInfo * this"
0x00437842,"IsManaged",9,"CControlCreationInfo * this"
0x0043784B,"TransferAddTail",32,"CTypedPtrList<CPtrList,COleControlSiteOrWnd*> * this;COleControlSiteOrWnd * param_1"
0x0043786B,"Catch_All@0043786b",23,""
0x00437883,"TransferInsertBefore",35,"_CTypedPtrList<CPtrList,COleControlSiteOrWnd*> * this;__POSITION * param_1;COleControlSiteOrWnd * param_2"
0x004378A6,"Catch_All@004378a6",23,""
0x004378BE,"_CTypedPtrList<CPtrList,COleControlSiteOrWnd*>",29,"_CTypedPtrList<CPtrList,COleControlSiteOrWnd*> * this;int param_1"
0x004378DB,"CreateStockObject",34,"CGdiObject * this;int param_1"
0x004378FD,"GetFont",22,"CWnd * this"
0x00437913,"FUN_00437913",13,"int * param_1"
0x00437920,"FUN_00437920",68,"void * this;int param_1"
0x00437964,"Catch@00437964",18,""
0x00437979,"FUN_00437979",118,""
0x004379EF,"thunk_FUN_00433e7c",5,"CPtrList * param_1"
0x004379F4,"FUN_004379f4",106,"void * this;undefined4 param_1;undefined4 param_2;undefined4 param_3"
0x00437A5E,"Catch@00437a5e",18,""
0x00437A73,"FUN_00437a73",188,""
0x00437B2F,"CreateControl",134,"void * this;undefined4 param_1;undefined4 * param_2"
0x00437BB5,"CheckDlgButton",66,"COleControlContainer * this;int param_1;uint param_2"
0x00437BF7,"GetDlgItem",63,"COleControlContainer * this;int param_1;HWND__ * * param_2"
0x00437C36,"FUN_00437c36",37,"void * this;undefined4 param_1;uint param_2;uint param_3;long param_4"
0x00437C5B,"IsDlgButtonChecked",91,"COleControlContainer * this;int param_1"
0x00437CB6,"Catch@00437cb6",23,""
0x00437CCD,"FUN_00437ccd",22,"int param_1"
0x00437CE3,"`scalar_deleting_destructor'",33,"CEnumUnknown * this;uint param_1"
0x00437D04,"FUN_00437d04",22,"int param_1"
0x00437D1A,"CTypedPtrList<CPtrList,COleControlSiteOrWnd*>",29,"CTypedPtrList<CPtrList,COleControlSiteOrWnd*> * this;int param_1"
0x00437D37,"FUN_00437d37",33,"void * this;byte param_1"
0x00437D58,"~COleControlContainer",258,"COleControlContainer * this"
0x00437E5A,"BroadcastAmbientPropertyChange",107,"COleControlContainer * this;long param_1"
0x00437EC5,"CreateControl",97,"void * this;undefined4 param_1;undefined4 * param_2;undefined4 param_3;undefined4 param_4;tagRECT * param_5"
0x00437F26,"FindItem",84,"COleControlContainer * this;uint param_1"
0x00437F7A,"FreezeAllEvents",61,"COleControlContainer * this;int param_1"
0x00437FB7,"ScrollChildren",86,"COleControlContainer * this;int param_1;int param_2"
0x0043800D,"HandleWindowlessMessage",267,"COleControlContainer * this;uint param_1;uint param_2;long param_3;long * param_4"
0x00438118,"OnPaint",153,"COleControlContainer * this;CDC * param_1"
0x004381B1,"FillListSitesOrWnds",363,"COleControlContainer * this;_AFX_OCC_DIALOG_INFO * param_1"
0x0043831C,"FUN_0043831c",176,"uint param_1;__POSITION * param_2;undefined4 * param_3"
0x004383CC,"Catch@004383cc",17,""
0x004383E3,"FUN_004383e3",53,""
0x00438418,"`scalar_deleting_destructor'",33,"COleControlContainer * this;uint param_1"
0x00438439,"COleControlContainer",110,"COleControlContainer * this;CWnd * param_1"
0x004384A7,"CreateOleFont",340,"COleControlContainer * this;CFont * param_1"
0x004385FB,"GetAmbientProp",404,"COleControlContainer * this;COleControlSite * param_1;long param_2;tagVARIANT * param_3"
0x004387C7,"GetHAccessor",26,"CAccessorBase * this;ulong param_1"
0x004387E1,"IsAutoAccessor",31,"CAccessorBase * this;ulong param_1"
0x00438800,"FUN_00438800",52,"void * this;uint param_1"
0x00438834,"Catch@00438834",14,""
0x00438845,"FUN_00438845",28,""
0x00438861,"BindEntries",97,"tagDBBINDING * param_1;ulong param_2;ulong * param_3;ulong param_4;IAccessor * param_5"
0x004388C2,"CDynamicAccessor",45,"CDynamicAccessor * this;DBBLOBHANDLINGENUM param_1;ulong param_2"
0x004388EF,"Close",62,"CDynamicAccessor * this"
0x0043892D,"BindEx",142,"tagDBBINDING * param_1;ulong param_2;ushort param_3;ulong param_4;uchar param_5;uchar param_6;ulong param_7;ulong param_8;ulong param_9;ulong param_10;tagDBOBJECT * param_11;ulong param_12;bool param_13"
0x004389BB,"TranslateColumnNo",87,"CDynamicAccessor * this;ulong * param_1"
0x00438A12,"GetAlignment",106,"ushort param_1"
0x00438ACE,"FUN_00438ace",53,"int * param_1;int * param_2"
0x00438B03,"FUN_00438b03",25,"int param_1"
0x00438B1C,"FUN_00438b1c",90,"void * this;uint param_1;void * param_2;size_t param_3"
0x00438B76,"Catch@00438b76",14,""
0x00438B89,"FUN_00438b89",28,""
0x00438BA5,"FUN_00438ba5",6,""
0x00438BAB,"CreateControl",124,"void * this;undefined4 param_1;undefined4 param_2;undefined4 param_3;undefined4 param_4;undefined4 param_5;undefined4 param_6;undefined4 param_7;undefined4 param_8;undefined4 param_9;undefined4 param_10"
0x00438C27,"CreateControl",46,"COleControlSite * this;CWnd * param_1;CControlCreationInfo * param_2;ulong param_3;tagPOINT * param_4;tagSIZE * param_5;uint param_6"
0x00438C55,"_AfxCoCreateInstanceLic",151,"_GUID * param_1;IUnknown * param_2;ulong param_3;_GUID * param_4;void * * param_5;wchar_t * param_6"
0x00438CEC,"FUN_00438cec",8,""
0x00438CF4,"IsDefaultButton",20,"COleControlSite * this"
0x00438D08,"GetDefBtnCode",31,"COleControlSite * this"
0x00438D27,"SetDefaultButton",103,"COleControlSite * this;int param_1"
0x00438D8E,"ConnectSink",108,"COleControlSite * this;_GUID * param_1;IUnknown * param_2"
0x00438DFA,"DisconnectSink",98,"COleControlSite * this;_GUID * param_1;ulong param_2"
0x00438E5C,"GetEventIID",375,"COleControlSite * this;_GUID * param_1"
0x00438FD3,"GetControlInfo",89,"COleControlSite * this"
0x0043902C,"IsMatchingMnemonic",182,"COleControlSite * this;tagMSG * param_1"
0x004390E2,"SendMnemonic",92,"COleControlSite * this;tagMSG * param_1"
0x0043913E,"FreezeEvents",71,"COleControlSite * this;int param_1"
0x00439185,"AttachWindow",72,"COleControlSite * this"
0x004391CD,"DetachWindow",80,"COleControlSite * this"
0x0043921D,"OnEvent",82,"COleControlSite * this;AFX_EVENT * param_1"
0x0043926F,"InvokeHelperV",92,"COleControlSite * this;long param_1;ushort param_2;ushort param_3;void * param_4;uchar * param_5;char * param_6"
0x004392CB,"SetPropertyV",90,"COleControlSite * this;long param_1;ushort param_2;char * param_3"
0x00439325,"InvokeHelper",34,"COleControlSite * this;long param_1;ushort param_2;ushort param_3;void * param_4;uchar * param_5"
0x00439347,"GetProperty",31,"COleControlSite * this;long param_1;ushort param_2;void * param_3"
0x00439366,"FUN_00439366",25,"int * param_1;undefined4 param_2;undefined4 param_3"
0x0043937F,"SafeSetProperty",50,"COleControlSite * this;long param_1;ushort param_2"
0x004393B1,"Catch@004393b1",22,""
0x004393C7,"FUN_004393c7",100,"int * param_1"
0x0043942B,"Catch@0043942b",14,""
0x0043943C,"FUN_0043943c",50,""
0x0043946E,"Catch@0043946e",14,""
0x0043947C,"GetExStyle",77,"COleControlSite * this"
0x004394C9,"Catch@004394c9",14,""
0x004394D7,"ModifyStyle",157,"COleControlSite * this;ulong param_1;ulong param_2;uint param_3"
0x00439574,"ModifyStyleEx",92,"COleControlSite * this;ulong param_1;ulong param_2;uint param_3"
0x004395D0,"FID_conflict:SetWindowTextW",66,"HWND hWnd;LPCWSTR lpString"
0x00439612,"FUN_00439612",42,"void * this;undefined4 param_1"
0x0043963C,"Catch@0043963c",43,""
0x00439667,"Catch@00439667",14,""
0x00439675,"FUN_00439675",4,"int param_1"
0x00439679,"FUN_00439679",18,"void * this;undefined4 param_1"
0x0043968B,"ShowWindow",68,"COleControlSite * this;int param_1"
0x004396CF,"IsWindowEnabled",70,"COleControlSite * this"
0x00439715,"Catch@00439715",14,""
0x00439723,"EnableWindow",77,"COleControlSite * this;int param_1"
0x00439770,"Catch@00439770",49,""
0x004397A3,"Catch@004397a3",25,""
0x004397BC,"Release",23,""
0x004397D3,"QueryInterface",29,"_GUID * param_1;void * * param_2"
0x004397F0,"FUN_004397f0",8,""
0x004397F8,"FUN_004397f8",8,""
0x00439800,"GetContainer",31,"IOleContainer * * param_1"
0x0043981F,"Release",23,""
0x00439836,"QueryInterface",29,"_GUID * param_1;void * * param_2"
0x00439853,"FUN_00439853",5,""
0x00439858,"OnUIActivate",39,""
0x0043987F,"FUN_0043987f",6,""
0x00439885,"FUN_00439885",31,"int param_1"
0x004398A4,"DeactivateAndUndo",34,""
0x004398C6,"FUN_004398c6",18,"int * param_1"
0x004398D8,"Release",23,""
0x004398EF,"QueryInterface",29,"_GUID * param_1;void * * param_2"
0x0043990C,"OnControlInfoChanged",25,""
0x00439925,"FUN_00439925",8,""
0x0043992D,"Release",23,""
0x00439944,"QueryInterface",29,"_GUID * param_1;void * * param_2"
0x00439961,"QueryInterface",70,"int * param_1;void * param_2;undefined4 * param_3"
0x004399A7,"QueryInterface",93,"_GUID * param_1;void * * param_2"
0x00439A04,"CDataSourceControl",83,"CDataSourceControl * this;COleControlSite * param_1"
0x00439A57,"GetCursor",107,"CDataSourceControl * this"
0x00439AC2,"CopyColumnID",124,"CDataSourceControl * this;tagDBCOLUMNID * param_1;tagDBCOLUMNID * param_2"
0x00439B3E,"BindProp",72,"CDataSourceControl * this;CDataBoundProperty * param_1;int param_2"
0x00439B86,"CDataBoundProperty",41,"CDataBoundProperty * this;CDataBoundProperty * param_1;long param_2;ushort param_3"
0x00439BAF,"SetClientSite",14,"CDataBoundProperty * this;COleControlSite * param_1"
0x00439BBD,"FUN_00439bbd",4,"int param_1"
0x00439BC1,"GetCursor",57,"CDataBoundProperty * this"
0x00439BFA,"GetCursor",56,"COleControlSite * this;long param_1;IUnknown * * param_2;void * * param_3"
0x00439C32,"QueryInterface",70,"int * param_1;void * param_2;undefined4 * param_3"
0x00439C78,"QueryInterface",70,"int * param_1;void * param_2;undefined4 * param_3"
0x00439CBE,"ReleaseRows",34,"CRowset<ATL::CAccessorBase> * this"
0x00439CE0,"GetData",44,"CRowset<ATL::CAccessorBase> * this;int param_1"
0x00439D0C,"FUN_00439d0c",25,"undefined4 * param_1;undefined4 param_2"
0x00439D25,"QueryInterface<IRowsetInfo>",25,"IRowsetInfo * * param_1"
0x00439D3E,"QueryInterface<IAccessor>",25,"IAccessor * * param_1"
0x00439D57,"QueryInterface<IRowsetChange>",25,"IRowsetChange * * param_1"
0x00439D70,"_GetValue<tagDB_NUMERIC>",39,"CDynamicAccessor * this;ulong param_1;tagDB_NUMERIC * param_2"
0x00439D97,"_GetValue<>",35,"void * this;int param_1;undefined4 * param_2"
0x00439DBA,"_GetValue<tagDBTIMESTAMP>",36,"CDynamicAccessor * this;ulong param_1;tagDBTIMESTAMP * param_2"
0x00439DDE,"_SetValue<>",35,"void * this;int param_1;undefined2 * param_2"
0x00439E01,"_SetValue<float>",33,"CDynamicAccessor * this;ulong param_1;float * param_2"
0x00439E22,"_SetValue<double>",33,"CDynamicAccessor * this;ulong param_1;double * param_2"
0x00439E43,"_GetValue<wchar_t*>",33,"CDynamicAccessor * this;ulong param_1;wchar_t * * param_2"
0x00439E64,"_SetValue<>",33,"void * this;int param_1;undefined4 * param_2"
0x00439E85,"_SetValue<tagDEC>",36,"CDynamicAccessor * this;ulong param_1;tagDEC * param_2"
0x00439EA9,"_SetValue<>",33,"void * this;int param_1;undefined1 * param_2"
0x00439ECA,"InvalidateRgn",32,"CWnd * this;CRgn * param_1;int param_2"
0x00439EEA,"SetDate",28,"COleDateTime * this;int param_1;int param_2;int param_3"
0x00439F06,"SetTime",32,"COleDateTime * this;int param_1;int param_2;int param_3"
0x00439F26,"ReleaseDispatch",5,"COleDispatchDriver * this"
0x00439F2B,"AFX_EVENT",40,"AFX_EVENT * this;int param_1"
0x00439F53,"AFX_EVENT",51,"AFX_EVENT * this;int param_1;long param_2;tagDISPPARAMS * param_3;tagEXCEPINFO * param_4;uint * param_5"
0x00439F86,"Bind",141,"tagDBBINDING * param_1;ulong param_2;ushort param_3;ulong param_4;uchar param_5;uchar param_6;ulong param_7;ulong param_8;ulong param_9;ulong param_10;tagDBOBJECT * param_11"
0x0043A013,"GetColumnType",56,"CDynamicAccessor * this;ulong param_1;ushort * param_2"
0x0043A04B,"GetValue",46,"CDynamicAccessor * this;ulong param_1"
0x0043A079,"GetColumnName",42,"CDynamicAccessor * this;ulong param_1"
0x0043A0A3,"AddBindEntry",86,"CManualAccessor * this;ulong param_1;ushort param_2;ulong param_3;void * param_4;void * param_5;void * param_6"
0x0043A0F9,"SetExtent",173,"COleControlSite * this"
0x0043A1A6,"CreateControl",94,"void * this;undefined4 param_1;undefined4 param_2;undefined4 param_3;undefined4 param_4;tagRECT * param_5;undefined4 param_6;undefined4 param_7;undefined4 param_8;undefined4 param_9"
0x0043A204,"CreateControlCommon",708,"void * this;int param_1;undefined4 param_2;CControlCreationInfo * param_3;int param_4;uint param_5;tagPOINT * param_6;tagSIZE * param_7;undefined4 param_8;undefined4 param_9;undefined4 param_10;undefined4 param_11"
0x0043A4C8,"DestroyControl",126,"COleControlSite * this"
0x0043A546,"QuickActivate",439,"COleControlSite * this"
0x0043A6FD,"CreateOrLoad",786,"COleControlSite * this;_GUID * param_1;CFile * param_2;int param_3;wchar_t * param_4"
0x0043AA0F,"DoVerb",69,"COleControlSite * this;long param_1;tagMSG * param_2"
0x0043AA54,"MoveWindow",140,"COleControlSite * this;int param_1;int param_2;int param_3;int param_4"
0x0043AAE0,"SetWindowPos",165,"COleControlSite * this;CWnd * param_1;int param_2;int param_3;int param_4;int param_5;uint param_6"
0x0043AB85,"SetFocus",87,"COleControlSite * this"
0x0043ABDC,"SetFocus",94,"COleControlSite * this;tagMSG * param_1"
0x0043AC3A,"BindProperty",228,"COleControlSite * this;long param_1;CWnd * param_2"
0x0043AD1E,"FUN_0043ad1e",24,"int param_1"
0x0043AD36,"ShowObject",61,""
0x0043AD73,"FUN_0043ad73",24,"int param_1"
0x0043AD8B,"GetWindow",47,"HWND__ * * param_1"
0x0043ADBA,"GetWindowContext",166,"IOleInPlaceFrame * * param_1;IOleInPlaceUIWindow * * param_2;tagRECT * param_3;tagRECT * param_4;tagOIFI * param_5"
0x0043AE60,"OnInPlaceDeactivate",93,""
0x0043AEBD,"OnPosRectChange",102,"tagRECT * param_1"
0x0043AF23,"OnInPlaceActivateEx",96,"int * param_1;ulong param_2"
0x0043AF83,"FUN_0043af83",46,"int param_1"
0x0043AFB1,"AdjustRect",49,"tagRECT * param_1"
0x0043AFE2,"GetCapture",83,""
0x0043B035,"GetFocus",49,""
0x0043B066,"InvalidateRect",144,"tagRECT * param_1;int param_2"
0x0043B0F6,"ReleaseDC",68,"HDC__ * param_1"
0x0043B13A,"FUN_0043b13a",49,"int param_1"
0x0043B16B,"SetCapture",99,"int param_1"
0x0043B1CE,"SetFocus",83,"int param_1"
0x0043B221,"FUN_0043b221",24,"int param_1"
0x0043B239,"TransformCoords",262,"_POINTL * param_1;tagPOINTF * param_2;ulong param_3"
0x0043B33F,"FUN_0043b33f",24,"int param_1"
0x0043B357,"Invoke",108,"long param_1;_GUID * param_2;ulong param_3;ushort param_4;tagDISPPARAMS * param_5;tagVARIANT * param_6;tagEXCEPINFO * param_7;uint * param_8"
0x0043B3C3,"OnChanged",360,"long param_1"
0x0043B52B,"OnRequestEdit",140,"long param_1"
0x0043B5B7,"Invoke",106,"long param_1;_GUID * param_2;ulong param_3;ushort param_4;tagDISPPARAMS * param_5;tagVARIANT * param_6;tagEXCEPINFO * param_7;uint * param_8"
0x0043B621,"Notify",144,"CDataBoundProperty * this"
0x0043B6B1,"AddRef",63,""
0x0043B6F0,"Release",63,""
0x0043B72F,"QueryInterface",69,"_GUID * param_1;void * * param_2"
0x0043B774,"GetCursor",72,"long param_1;ICursor * * param_2;void * * param_3"
0x0043B7BC,"FireEvent",138,"XNotifyDBEvents * this;ulong param_1;ulong param_2;tagDBNOTIFYREASON * param_3;DSCSTATE param_4"
0x0043B887,"FUN_0043b887",18,"undefined4 * param_1"
0x0043B899,"GetData",67,"CRowset<ATL::CAccessorBase> * this"
0x0043B8DC,"MoveNext",92,"CRowset<ATL::CAccessorBase> * this;long param_1;bool param_2"
0x0043B938,"GetValue<tagDB_NUMERIC>",51,"CDynamicAccessor * this;ulong param_1;tagDB_NUMERIC * param_2"
0x0043B96B,"GetValue<>",51,"void * this;ulong param_1;undefined4 * param_2"
0x0043B99E,"GetValue<tagDBTIMESTAMP>",51,"CDynamicAccessor * this;ulong param_1;tagDBTIMESTAMP * param_2"
0x0043B9D1,"SetValue<>",45,"void * this;ulong param_1;undefined2 * param_2"
0x0043B9FE,"SetValue<float>",45,"CDynamicAccessor * this;ulong param_1;float * param_2"
0x0043BA2B,"SetValue<double>",45,"CDynamicAccessor * this;ulong param_1;double * param_2"
0x0043BA58,"GetValue<wchar_t*>",51,"CDynamicAccessor * this;ulong param_1;wchar_t * * param_2"
0x0043BA8B,"SetValue<>",45,"void * this;ulong param_1;undefined4 * param_2"
0x0043BAB8,"SetValue<tagDEC>",45,"CDynamicAccessor * this;ulong param_1;tagDEC * param_2"
0x0043BAE5,"SetValue<>",45,"void * this;ulong param_1;undefined1 * param_2"
0x0043BB12,"COleDateTime",38,"COleDateTime * this;int param_1;int param_2;int param_3;int param_4;int param_5;int param_6"
0x0043BB38,"ReleaseAccessors",142,"CAccessorBase * this;IUnknown * param_1"
0x0043BBC6,"GetStatus",89,"CDynamicAccessor * this;ulong param_1;ulong * param_2"
0x0043BC1F,"BindColumns",133,"CManualAccessor * this;IUnknown * param_1"
0x0043BCA4,"GetBoundClientRow",95,"CDataSourceControl * this"
0x0043BD03,"SetDSCSite",25,"CDataBoundProperty * this;COleControlSite * param_1"
0x0043BD1C,"OKToDo",168,"ulong param_1;ulong param_2;tagDBNOTIFYREASON * param_3"
0x0043BDC4,"Cancelled",90,"ulong param_1;ulong param_2;tagDBNOTIFYREASON * param_3"
0x0043BE1E,"SyncBefore",132,"ulong param_1;ulong param_2;tagDBNOTIFYREASON * param_3"
0x0043BEA2,"AboutToDo",90,"ulong param_1;ulong param_2;tagDBNOTIFYREASON * param_3"
0x0043BEFC,"FailedToDo",90,"ulong param_1;ulong param_2;tagDBNOTIFYREASON * param_3"
0x0043BF56,"SyncAfter",162,"ulong param_1;ulong param_2;tagDBNOTIFYREASON * param_3"
0x0043BFF8,"DidEvent",134,"ulong param_1;ulong param_2;tagDBNOTIFYREASON * param_3"
0x0043C07E,"OnFieldChange",193,"IRowset * param_1;ulong param_2;ulong param_3;ulong * param_4;ulong param_5;ulong param_6;int param_7"
0x0043C13F,"OnRowChange",360,"IRowset * param_1;ulong param_2;ulong * param_3;ulong param_4;ulong param_5;int param_6"
0x0043C2A7,"CComQIPtr<IChapteredRowset,&struct___s_GUID_const__GUID_0c733a93_2a1c_11ce_ade5_00aa0044773d>",36,"CComQIPtr<IChapteredRowset,&struct___s_GUID_const__GUID_0c733a93_2a1c_11ce_ade5_00aa0044773d> * this;IUnknown * param_1"
0x0043C2CB,"operator=",25,"CComPtr<IRowset> * this;IRowset * param_1"
0x0043C2E4,"SetData",56,"CRowset<ATL::CAccessorBase> * this;int param_1"
0x0043C31C,"FreeType",178,"ushort param_1;uchar * param_2;IRowset * param_3"
0x0043C3CE,"FreeRecordMemory",232,"CDynamicAccessor * this;IRowset * param_1"
0x0043C4B6,"BindColumns",460,"CDataSourceControl * this"
0x0043C682,"CRowset<ATL::CAccessorBase>",39,"CRowset<ATL::CAccessorBase> * this;IRowset * param_1"
0x0043C6A9,"MoveFirst",37,"CRowset<ATL::CAccessorBase> * this"
0x0043C6CE,"SetData",42,"CRowset<ATL::CAccessorBase> * this"
0x0043C6F8,"`scalar_deleting_destructor'",33,"CDynamicAccessor * this;uint param_1"
0x0043C719,"ReleaseAccessors",31,"CDynamicAccessor * this;IUnknown * param_1"
0x0043C738,"GetRowsetProperties",237,"CDynamicAccessor * this;IUnknown * param_1;ulong * param_2;int * param_3;ulong param_4"
0x0043C825,"FUN_0043c825",281,"void * this;IAccessor * * param_1"
0x0043C93E,"Catch@0043c93e",18,""
0x0043C953,"FUN_0043c953",62,""
0x0043C991,"Catch@0043c991",21,""
0x0043C9A9,"FUN_0043c9a9",432,""
0x0043CB59,"Catch@0043cb59",21,""
0x0043CB71,"FUN_0043cb71",232,""
0x0043CC59,"Catch@0043cc59",21,""
0x0043CC71,"FUN_0043cc71",337,""
0x0043CDC2,"Catch@0043cdc2",21,""
0x0043CDDA,"FUN_0043cdda",136,""
0x0043CE62,"GetMetaData",869,"CDataSourceControl * this"
0x0043D1C7,"UpdateCursor",1602,"CDataSourceControl * this"
0x0043D809,"OnRowsetChange",163,"IRowset * param_1;ulong param_2;ulong param_3;int param_4"
0x0043D8AC,"Close",88,"CRowset<ATL::CAccessorBase> * this"
0x0043D904,"Initialize",439,"CDataSourceControl * this"
0x0043DABB,"~CRowset<ATL::CAccessorBase>",37,"CRowset<ATL::CAccessorBase> * this"
0x0043DAE0,"COleControlSite",273,"COleControlSite * this;COleControlContainer * param_1"
0x0043DBF1,"EnableDSC",77,"COleControlSite * this"
0x0043DC3E,"GetDC",254,"tagRECT * param_1;ulong param_2;HDC__ * * param_3"
0x0043DD3C,"InvalidateRgn",193,"HRGN__ * param_1;int param_2"
0x0043DDFD,"`scalar_deleting_destructor'",33,"CRowset<ATL::CAccessorBase> * this;uint param_1"
0x0043DE1E,"BindDefaultProperty",164,"void * this;undefined4 param_1;ushort param_2;short * param_3;int param_4"
0x0043DEC2,"~CDataSourceControl",493,"CDataSourceControl * this"
0x0043E0AF,"`scalar_deleting_destructor'",33,"CDataSourceControl * this;uint param_1"
0x0043E0D0,"BindProp",318,"CDataSourceControl * this;COleControlSite * param_1;int param_2"
0x0043E20E,"ToVariant",1343,"CDataSourceControl * this;int param_1"
0x0043E74D,"UpdateControls",402,"CDataSourceControl * this"
0x0043E8DF,"~COleControlSite",485,"COleControlSite * this"
0x0043EAC4,"FID_conflict:`scalar_deleting_destructor'",33,"void * this;byte param_1"
0x0043EAE5,"_AfxGetDlgCode",50,"CWnd * param_1;tagMSG * param_2"
0x0043EB17,"IsMatchingMnemonic",36,"COleControlSiteOrWnd * param_1;tagMSG * param_2"
0x0043EB3B,"IsLabelControl",86,"COleControlSiteOrWnd * param_1"
0x0043EB91,"GetDefBtnCode",40,"CWnd * param_1"
0x0043EBB9,"FID_conflict:GetNextDlgGroupItem",38,"HWND hDlg;HWND hCtl;BOOL bPrevious"
0x0043EBDF,"IsChild",29,"CWnd * this;CWnd * param_1"
0x0043EBFC,"_AfxDlgSetFocus",51,"CWnd * param_1"
0x0043EC2F,"_AfxGetChildControl",89,"CWnd * param_1;CWnd * param_2"
0x0043EC88,"_AfxNextControl",197,"CWnd * param_1;CWnd * param_2;uint param_3"
0x0043ED4D,"UIActivateControl",115,"CWnd * param_1"
0x0043EDC0,"UIDeactivateIfNecessary",127,"CWnd * param_1;CWnd * param_2"
0x0043EE3F,"_AfxFindDlgItem",90,"CWnd * param_1;ulong param_2"
0x0043EE99,"SetDefaultButton",79,"CWnd * param_1;int param_2"
0x0043EEE8,"_AfxRemoveDefaultButton",100,"CWnd * param_1;CWnd * param_2"
0x0043EF4C,"_AfxOriginalDefButton",53,"CWnd * param_1"
0x0043EF81,"_AfxCheckDefPushButton",226,"CWnd * param_1;CWnd * param_2;CWnd * param_3"
0x0043F063,"_AfxFindSiteOrWnd",84,"CWnd * param_1;CWnd * param_2"
0x0043F0B7,"_AfxFindNextMnem",339,"CWnd * param_1;COleControlSiteOrWnd * param_2;tagMSG * param_3"
0x0043F20A,"FUN_0043f20a",247,"CWnd * param_1;CWnd * param_2;tagMSG * param_3"
0x0043F302,"FID_conflict:IsDialogMessageA",1117,"HWND hDlg;LPMSG lpMsg"
0x0043F6AA,"Catch@0043f6aa",18,""
0x0043F771,"CMemFile",92,"CMemFile * this;uchar * param_1;uint param_2;uint param_3"
0x0043F7CD,"FUN_0043f7cd",18,"size_t param_1"
0x0043F7DF,"FID_conflict:Realloc",22,"void * param_1;size_t param_2"
0x0043F7F5,"FUN_0043f7f5",18,"void * param_1"
0x0043F807,"FUN_0043f807",6,"int param_1"
0x0043F80D,"GrowFile",73,"CMemFile * this;ulong param_1"
0x0043F856,"FUN_0043f856",6,"int param_1"
0x0043F85C,"SetLength",80,"CMemFile * this;__uint64 param_1"
0x0043F8AC,"Read",84,"CMemFile * this;void * param_1;uint param_2"
0x0043F900,"Write",98,"CMemFile * this;void * param_1;uint param_2"
0x0043F962,"Seek",122,"CMemFile * this;__int64 param_1;uint param_2"
0x0043F9DC,"Close",44,"CMemFile * this"
0x0043FA08,"FUN_0043fa08",5,"int * param_1"
0x0043FA0D,"thunk_FUN_0041b25c",5,""
0x0043FA13,"thunk_FUN_0041b25c",5,""
0x0043FA18,"GetBufferPtr",211,"CMemFile * this;uint param_1;uint param_2;void * * param_3;void * * param_4"
0x0043FAEB,"FUN_0043faeb",6,""
0x0043FAF1,"~CMemFile",67,"CMemFile * this"
0x0043FB34,"Memcpy",32,"void * param_1;void * param_2;rsize_t param_3"
0x0043FB54,"`scalar_deleting_destructor'",33,"CMemFile * this;uint param_1"
0x0043FB75,"AddDocument",15,"CDocTemplate * this;CDocument * param_1"
0x0043FB84,"RemoveDocument",16,"CDocTemplate * this;CDocument * param_1"
0x0043FB94,"CreateNewDocument",41,"CDocTemplate * this"
0x0043FBBD,"InitialUpdateFrame",23,"CDocTemplate * this;CFrameWnd * param_1;CDocument * param_2;int param_3"
0x0043FBD4,"SaveAllModified",62,"CDocTemplate * this"
0x0043FC12,"CloseAllDocuments",50,"CDocTemplate * this;int param_1"
0x0043FC44,"OnIdle",51,"CDocTemplate * this"
0x0043FC77,"OnCmdMsg",77,"CDocTemplate * this;uint param_1;int param_2;void * param_3;AFX_CMDHANDLERINFO * param_4"
0x0043FCC4,"CCreateContext",22,"CCreateContext * this"
0x0043FCDA,"GetDocString",26,"CDocTemplate * this;CStringT<wchar_t,StrTraitMFC<wchar_t,ATL::ChTraitsCRT<wchar_t>_>_> * param_1;DocStringIndex param_2"
0x0043FCF4,"CreateNewFrame",99,"CDocTemplate * this;CDocument * param_1;CFrameWnd * param_2"
0x0043FD57,"~CDocTemplate",104,"CDocTemplate * this"
0x0043FDBF,"MatchDocType",165,"CDocTemplate * this;wchar_t * param_1;CDocument * * param_2"
0x0043FE64,"LoadTemplate",188,"CDocTemplate * this"
0x0043FF20,"CDocTemplate",244,"CDocTemplate * this;uint param_1;CRuntimeClass * param_2;CRuntimeClass * param_3;CRuntimeClass * param_4"
0x00440014,"_AfxSetRegKey",132,"wchar_t * param_1;wchar_t * param_2;wchar_t * param_3"
0x00440098,"CNewTypeDlg",43,"CNewTypeDlg * this;CPtrList * param_1"
0x004400C3,"FUN_004400c3",11,"CDialog * param_1"
0x004400CE,"FUN_004400ce",6,""
0x004400D4,"Handler_004400D4",8,""
0x004400DC,"GetCount",19,"CListBox * this"
0x004400EF,"GetItemDataPtr",28,"CListBox * this;int param_1"
0x0044010B,"ResetContent",19,"CListBox * this"
0x0044011E,"CDocManager",25,"CDocManager * this"
0x00440137,"FUN_00440137",39,"void * this;byte param_1"
0x0044015E,"OnOK",62,"CNewTypeDlg * this"
0x0044019C,"AddDocTemplate",116,"CDocManager * this;CDocTemplate * param_1"
0x00440210,"FUN_00440210",14,"void * this;__POSITION * * param_1"
0x0044021E,"SaveAllModified",58,"CDocManager * this"
0x00440258,"CloseAllDocuments",52,"CDocManager * this;int param_1"
0x0044028C,"GetDocumentCount",83,"CDocManager * this"
0x004402DF,"OnFileNew",135,"CDocManager * this"
0x00440366,"OpenDocumentFile",477,"CDocManager * this;wchar_t * param_1"
0x00440543,"GetOpenDocumentCount",87,"CDocManager * this"
0x0044059A,"~CDocManager",106,"CDocManager * this"
0x00440604,"`scalar_deleting_destructor'",33,"CDocManager * this;uint param_1"
0x00440625,"FUN_00440625",6,""
0x0044062B,"FUN_0044062b",64,"void * this;int param_1;wchar_t param_2"
0x0044066C,"OnInitDialog",239,"CNewTypeDlg * this"
0x0044075B,"OnFileOpen",93,"CDocManager * this"
0x004407B8,"Mid",37,"CStringT<wchar_t,StrTraitMFC<wchar_t,ATL::ChTraitsCRT<wchar_t>_>_> * this;int param_1"
0x004407DD,"RegisterShellFileTypes",1288,"CDocManager * this;int param_1"
0x00440CE5,"OnDDECommand",1543,"short * param_1"
0x004412EC,"_AfxAppendFilterSuffix",364,"CStringT<wchar_t,StrTraitMFC<wchar_t,ATL::ChTraitsCRT<wchar_t>_>_> * param_1;tagOFNW * param_2;CDocTemplate * param_3;CStringT<wchar_t,class_StrTraitMFC<wchar_t,class_ATL::ChTraitsCRT<wchar_t>_>_> * param_4"
0x00441458,"DoPromptFileName",570,"CDocManager * this;CStringT<wchar_t,StrTraitMFC<wchar_t,ATL::ChTraitsCRT<wchar_t>_>_> * param_1;uint param_2;ulong param_3;int param_4;CDocTemplate * param_5"
0x00441692,"AfxUnregisterWndClasses",159,""
0x00441731,"AfxWinTerm",118,""
0x004417A7,"FUN_004417a7",6,""
0x004417C4,"FUN_004417c4",16,"undefined4 * param_1"
0x004417D4,"SetSize",274,"CByteArray * this;int param_1;int param_2"
0x004418E6,"Serialize",128,"CByteArray * this;CArchive * param_1"
0x0044197C,"FUN_0044197c",33,"void * this;byte param_1"
0x0044199D,"CFixedAllocNoSync",46,"CFixedAllocNoSync * this;uint param_1;uint param_2"
0x004419CB,"FreeAll",23,"CFixedAllocNoSync * this"
0x004419E2,"FUN_004419e2",5,"int param_1"
0x004419E7,"Alloc",66,"CFixedAllocNoSync * this"
0x00441A29,"CheckCount",20,"CArchive * this"
0x00441A3D,"FUN_00441a3d",23,"undefined4 * param_1"
0x00441A54,"FUN_00441a54",159,"void * this;int param_1;undefined4 * param_2;int param_3"
0x00441AF4,"FUN_00441af4",21,"undefined4 * param_1"
0x00441B09,"FUN_00441b09",33,"void * this;byte param_1"
0x00441B2A,"FUN_00441b2a",159,"int param_1"
0x00441BC9,"Catch@00441bc9",24,""
0x00441BE7,"FUN_00441be7",23,""
0x00441BFE,"MapObject",319,"CArchive * this;CObject * param_1"
0x00441D3D,"WriteClass",175,"CArchive * this;CRuntimeClass * param_1"
0x00441DEC,"ReadClass",500,"CArchive * this;CRuntimeClass * param_1;uint * param_2;ulong * param_3"
0x00441FE0,"WriteObject",156,"CArchive * this;CObject * param_1"
0x0044207C,"ReadObject",322,"CArchive * this;CRuntimeClass * param_1"
0x004421BE,"Catch@004421be",23,""
0x004421D6,"FUN_004421d6",6,""
0x004421DC,"CPtrArray",23,"CPtrArray * this"
0x004421F3,"FUN_004421f3",16,"undefined4 * param_1"
0x00442203,"SetSize",294,"CPtrArray * this;int param_1;int param_2"
0x00442329,"FUN_00442329",165,"void * this;int param_1;undefined4 param_2;int param_3"
0x004423CF,"FUN_004423cf",33,"void * this;byte param_1"
0x004423F6,"GetProc",84,"char * param_1;void * param_2"
0x00442525,"DrawThemeBackground",88,"void * param_1;HDC__ * param_2;int param_3;int param_4;tagRECT * param_5;tagRECT * param_6"
0x0044257D,"GetThemePartSize",91,"void * param_1;HDC__ * param_2;int param_3;int param_4;tagRECT * param_5;THEMESIZE param_6;tagSIZE * param_7"
0x004425D8,"FID_conflict:IsThemeBackgroundPartiallyTransparent",79,"HTHEME hTheme;int iPartId;int iStateId"
0x00442627,"FID_conflict:IsThemeBackgroundPartiallyTransparent",79,"HTHEME hTheme;int iPartId;int iStateId"
0x00442676,"HashKey",41,"ushort * param_1"
0x0044269F,"InitHashTable",94,"CMapPtrToPtr * this;uint param_1;int param_2"
0x004426FD,"FUN_004426fd",6,""
0x00442703,"CMapStringToPtr",51,"CMapStringToPtr * this;int param_1"
0x00442736,"NewAssoc",92,"int param_1"
0x00442792,"GetAssocAt",87,"void * this;wchar_t * param_1;uint * param_2;uint * param_3"
0x004427E9,"Lookup",41,"void * this;wchar_t * param_1;undefined4 * param_2"
0x00442812,"LookupKey",41,"void * this;wchar_t * param_1;undefined4 * param_2"
0x0044283B,"FUN_0044283b",93,"int param_1"
0x00442899,"FUN_00442899",11,"undefined4 * param_1"
0x004428A4,"FUN_004428a4",39,"void * this;byte param_1"
0x004428CB,"CMapStringToPtr::operator[]",105,"void * this;wchar_t * param_1"
0x00442934,"CToolTipCtrl",50,"CToolTipCtrl * this"
0x00442966,"CreateEx",56,"CToolTipCtrl * this;CWnd * param_1;ulong param_2;ulong param_3"
0x0044299E,"~CToolTipCtrl",64,"CToolTipCtrl * this"
0x004429DE,"FUN_004429de",24,"int * param_1"
0x004429F6,"FUN_004429f6",6,""
0x004429FC,"`scalar_deleting_destructor'",33,"CToolTipCtrl * this;uint param_1"
0x00442A1D,"Create",89,"CToolTipCtrl * this;CWnd * param_1;ulong param_2"
0x00442A76,"OnAddTool",127,"CToolTipCtrl * this;uint param_1;long param_2"
0x00442AF5,"Handler_00442AF5",23,""
0x00442B0C,"FUN_00442b0c",28,"void * this;WPARAM param_1"
0x00442B28,"OnWindowFromPoint",117,"CToolTipCtrl * this;uint param_1;long param_2"
0x00442B9D,"_AfxRelayToolTipMessage",128,"CToolTipCtrl * param_1;tagMSG * param_2"
0x00442C1D,"FilterToolTipMessage",1051,"CWnd * this;tagMSG * param_1"
0x00443038,"FUN_00443038",6,""
0x0044303E,"_FilterToolTipMessage",20,"tagMSG * param_1;CWnd * param_2"
0x00443052,"_EnableToolTips",156,"CWnd * this;int param_1;uint param_2"
0x004430EE,"EnableToolTips",19,"CWnd * this;int param_1"
0x00443101,"COleDispatchDriver",13,"COleDispatchDriver * this"
0x0044310E,"ReleaseDispatch",28,"COleDispatchDriver * this"
0x0044312A,"~COleDispParams",23,"COleDispParams * this"
0x00443141,"CVariantBoolPair",43,"CVariantBoolPair * this;int * param_1;short * param_2;int param_3"
0x0044316C,"FUN_0044316c",15,"undefined4 * param_1"
0x0044317B,"`scalar_deleting_destructor'",42,"CVariantBoolPair * this;uint param_1"
0x004431A5,"SetSize",518,"CArray<CVariantBoolPair,CVariantBoolPair_const&> * this;int param_1;int param_2"
0x004433AB,"FUN_004433ab",32,"void * this;int param_1"
0x004433CC,"AttachDispatch",29,"COleDispatchDriver * this;IDispatch * param_1;int param_2"
0x004433E9,"SerializeElements<CVariantBoolPair>",136,"CArchive * param_1;CVariantBoolPair * param_2;int param_3"
0x00443471,"operator=",43,"CVariantBoolPair * this;CVariantBoolPair * param_1"
0x0044349C,"~CArray<CVariantBoolPair,CVariantBoolPair_const&>",61,"CArray<CVariantBoolPair,CVariantBoolPair_const&> * this"
0x004434D9,"Serialize",66,"CArray<CVariantBoolPair,CVariantBoolPair_const&> * this;CArchive * param_1"
0x0044351B,"`scalar_deleting_destructor'",33,"CArray<CVariantBoolPair,CVariantBoolPair_const&> * this;uint param_1"
0x0044353C,"SetAtGrow",59,"CArray<CVariantBoolPair,CVariantBoolPair_const&> * this;int param_1;CVariantBoolPair * param_2"
0x00443577,"FUN_00443577",5,"undefined4 * param_1"
0x0044357C,"FUN_0044357c",89,"void * param_1"
0x004435D6,"Add",25,"CArray<CVariantBoolPair,CVariantBoolPair_const&> * this;CVariantBoolPair * param_1"
0x004435EF,"InvokeHelperV",1165,"COleDispatchDriver * this;long param_1;ushort param_2;ushort param_3;void * param_4;uchar * param_5;char * param_6"
0x00443B6B,"~CEnumArray",71,"CEnumArray * this"
0x00443BB2,"FUN_00443bb2",24,"int param_1"
0x00443BCA,"FUN_00443bca",5,"int param_1"
0x00443BCF,"AddRef",20,""
0x00443BE3,"FUN_00443be3",20,"int param_1"
0x00443BF7,"QueryInterface",26,"_GUID * param_1;void * * param_2"
0x00443C11,"`scalar_deleting_destructor'",33,"CEnumArray * this;uint param_1"
0x00443C32,"OnNext",56,"CEnumArray * this;void * param_1"
0x00443C6A,"Next",143,"ulong param_1;void * param_2;ulong * param_3"
0x00443CC3,"Catch@00443cc3",14,""
0x00443D09,"Skip",103,"ulong param_1"
0x00443D4A,"Catch@00443d4a",14,""
0x00443D80,"Reset",55,""
0x00443DB7,"Clone",127,"IEnumVOID * * param_1"
0x00443E36,"Catch@00443e36",14,""
0x00443E44,"CEnumArray",65,"CEnumArray * this;uint param_1;void * param_2;uint param_3;int param_4"
0x00443E85,"OnClone",63,"CEnumArray * this"
0x00443EC4,"FUN_00443ec4",9,"undefined4 * param_1"
0x00443ECD,"`scalar_deleting_destructor'",33,"_AFX_OLE_STATE * this;uint param_1"
0x00443EEE,"AfxOleHookProc",77,"HWND__ * param_1;uint param_2;uint param_3;long param_4"
0x00443F3B,"MapResult",35,"COleDialog * this;uint param_1"
0x00443F5E,"FUN_00443f5e",6,""
0x00443F64,"FUN_00443f64",39,"void * this;byte param_1"
0x00443F8B,"CCommonDialog",31,"CCommonDialog * this;CWnd * param_1"
0x00443FAA,"COleDialog",27,"COleDialog * this;CWnd * param_1"
0x00443FC5,"COleBusyDialog",90,"COleBusyDialog * this;HTASK__ * param_1;int param_2;ulong param_3;CWnd * param_4"
0x0044401F,"FUN_0044401f",11,"CDialog * param_1"
0x0044402A,"DoModal",149,"COleBusyDialog * this"
0x004440BF,"GetStackSize",97,"uchar * param_1;ushort param_2"
0x00444120,"FUN_00444120",6,""
0x00444126,"GetErrorMessage",41,"void * this;wchar_t * param_1;uint param_2;undefined4 * param_3"
0x0044414F,"FUN_0044414f",88,"void * param_1"
0x004441A8,"~COleDispatchException",45,"COleDispatchException * this"
0x004441D5,"FUN_004441d5",33,"void * this;byte param_1"
0x004441F6,"PushStackArgs",544,"CCmdTarget * this;uchar * param_1;uchar * param_2;void * param_3;ushort param_4;tagDISPPARAMS * param_5;uint * param_6;tagVARIANT * param_7;CVariantBoolConverter * param_8"
0x00444466,"CallMemberFunc",735,"CCmdTarget * this;AFX_DISPMAP_ENTRY * param_1;ushort param_2;tagVARIANT * param_3;tagDISPPARAMS * param_4;uint * param_5"
0x00444669,"Catch@00444669",38,""
0x004447BE,"COleDispatchException",132,"COleDispatchException * this;wchar_t * param_1;uint param_2;ushort param_3"
0x00444842,"Process",398,"tagEXCEPINFO * param_1;CException * param_2"
0x004449D0,"FUN_004449d0",4,"int param_1"
0x004449D4,"FUN_004449d4",6,""
0x004449DA,"FUN_004449da",3,""
0x004449DD,"FUN_004449dd",3,""
0x004449E0,"FUN_004449e0",6,""
0x004449E6,"AddRef",63,""
0x00444A25,"Release",63,""
0x00444A64,"QueryInterface",69,"_GUID * param_1;void * * param_2"
0x00444AA9,"FUN_00444aa9",64,"int param_1"
0x00444AE9,"FUN_00444ae9",46,"int param_1"
0x00444B17,"OnHelp",46,"IFileDialog * param_1"
0x00444B45,"FUN_00444b45",64,"int param_1"
0x00444B85,"OnTypeChange",93,"IFileDialog * param_1"
0x00444BE2,"FUN_00444be2",46,"int param_1"
0x00444C10,"AddRef",63,""
0x00444C4F,"Release",63,""
0x00444C8E,"QueryInterface",80,"_GUID * param_1;void * * param_2"
0x00444CDE,"FUN_00444cde",46,"int param_1"
0x00444D0C,"FUN_00444d0c",46,"int param_1"
0x00444D3A,"OnInitDone",25,"CFileDialog * this"
0x00444D53,"OnNotify",225,"CFileDialog * this;uint param_1;long param_2;long * param_3"
0x00444E34,"GetProcAddress_GetOpenFileNameW",47,"CCommDlgWrapper * this"
0x00444E63,"_GetOpenFileNameW",117,"CCommDlgWrapper * this;tagOFNW * param_1"
0x00444ED8,"FUN_00444ed8",54,""
0x00444F0E,"FID_conflict:GetProcAddress_GetSaveFileNameW",47,"void * this;undefined4 * param_1"
0x00444F3D,"_GetSaveFileNameW",117,"CCommDlgWrapper * this;tagOFNW * param_1"
0x00444FB2,"FUN_00444fb2",54,""
0x00444FE8,"FID_conflict:AfxCtxGetSaveFileNameW",28,"tagOFNW * param_1"
0x00445004,"FID_conflict:AfxCtxGetSaveFileNameW",28,"tagOFNW * param_1"
0x00445020,"~CFileDialog",158,"CFileDialog * this"
0x004450BE,"`scalar_deleting_destructor'",33,"CFileDialog * this;uint param_1"
0x004450DF,"CFileDialog",628,"CFileDialog * this;int param_1;wchar_t * param_2;wchar_t * param_3;ulong param_4;wchar_t * param_5;CWnd * param_6;ulong param_7;int param_8"
0x00445353,"ApplyOFNToShellDialog",1349,"CFileDialog * this"
0x00445898,"OnShareViolation",165,"IFileDialog * param_1;IShellItem * param_2;tagFDE_SHAREVIOLATION_RESPONSE * param_3"
0x0044593D,"DoModal",303,"CFileDialog * this"
0x00445A6C,"GetPathName",445,"CFileDialog * this"
0x00445C29,"GetFileName",243,"CFileDialog * this"
0x00445D1C,"GetFileExt",345,"CFileDialog * this"
0x00445E75,"UpdateOFNFromShellDialog",891,"CFileDialog * this"
0x004461F0,"OnFileOk",79,"IFileDialog * param_1"
0x0044623F,"AfxBSTR2CString",63,"CStringT<wchar_t,StrTraitMFC<wchar_t,ATL::ChTraitsCRT<wchar_t>_>_> * param_1;wchar_t * param_2"
0x0044627E,"OnOK",26,"CCommonDialog * this"
0x00446298,"Default",5,"CWnd * this"
0x0044629D,"Handler_0044629D",14,""
0x004462AB,"FUN_004462ab",6,""
0x004462B1,"FUN_004462b1",6,""
0x004462B7,"_AfxCommDlgProc",424,"HWND__ * param_1;uint param_2;uint param_3;long param_4"
0x0044645F,"__AfxDispatchCall@12",17,"undefined * param_1;int param_2;int param_3"
0x00446470,"fast_error_exit",41,"int param_1"
0x00446499,"___tmainCRTStartup",309,""
0x00446616,"entry",10,""
0x00446620,"__security_check_cookie",15,"int param_1"
0x0044662F,"`eh_vector_constructor_iterator'",77,"void * param_1;uint param_2;int param_3;_func_void_void_ptr * param_4;_func_void_void_ptr * param_5"
0x0044667C,"FUN_0044667c",24,""
0x00446694,"__ArrayUnwind",50,"void * param_1;uint param_2;int param_3;_func_void_void_ptr * param_4"
0x004466F2,"`eh_vector_destructor_iterator'",75,"void * param_1;uint param_2;int param_3;_func_void_void_ptr * param_4"
0x0044673D,"FUN_0044673d",24,""
0x00446755,"_memcpy_s",125,"void * _Dst;rsize_t _DstSize;void * _Src;rsize_t _MaxCount"
0x004467D2,"_memmove_s",93,"void * _Dst;rsize_t _DstSize;void * _Src;rsize_t _MaxCount"
0x0044682F,"FUN_0044682f",22,"wchar_t * param_1"
0x00446845,"FUN_00446845",11,"wchar_t * param_1"
0x00446850,"__vswprintf_helper",248,"undefined * param_1;char * param_2;uint param_3;int param_4;undefined4 param_5;undefined4 param_6"
0x00446948,"__vswprintf_s_l",139,"wchar_t * _DstBuf;size_t _DstSize;wchar_t * _Format;_locale_t _Locale;va_list _ArgList"
0x004469D3,"_vswprintf_s",29,"wchar_t * _Dst;size_t _SizeInWords;wchar_t * _Format;va_list _ArgList"
0x004469F0,"__vsnwprintf_s_l",268,"wchar_t * _DstBuf;size_t _DstSize;size_t _MaxCount;wchar_t * _Format;_locale_t _Locale;va_list _ArgList"
0x00446AFC,"__vsnwprintf_s",32,"wchar_t * _DstBuf;size_t _SizeInWords;size_t _MaxCount;wchar_t * _Format;va_list _ArgList"
0x00446B1C,"FID_conflict:__vscprintf_helper",87,"undefined * param_1;int param_2;undefined4 param_3;undefined4 param_4"
0x00446B73,"FID_conflict:__vscprintf_p",28,"wchar_t * _Format;va_list _ArgList"
0x00446B8F,"~type_info",16,"type_info * this"
0x00446B9F,"`scalar_deleting_destructor'",33,"type_info * this;uint param_1"
0x00446BC0,"operator==",32,"type_info * this;type_info * param_1"
0x00446BE0,"_wcschr",38,"wchar_t * _Str;wchar_t _Ch"
0x00446C06,"_wcsrchr",44,"wchar_t * _Str;wchar_t _Ch"
0x00446C32,"__freea",32,"void * _Memory"
0x00446C52,"_LocaleUpdate",135,"_LocaleUpdate * this;localeinfo_struct * param_1"
0x00446CD9,"_wcsupr_s_l_stat",400,"wchar_t * param_1;uint param_2;localeinfo_struct * param_3"
0x00446E69,"FID_conflict:__wcslwr_s_l",53,"wchar_t * _Str;size_t _SizeInWords;_locale_t _Locale"
0x00446E9E,"FUN_00446e9e",23,"wchar_t * param_1;size_t param_2"
0x00446EB5,"_strcpy_s",104,"char * _Dst;rsize_t _SizeInBytes;char * _Src"
0x00446F1D,"FUN_00446f1d",18,"ulong param_1"
0x00446F2F,"_rand",34,""
0x00446F51,"__purecall",42,""
0x00446F7B,"_V6_HeapAlloc",70,"uint * param_1"
0x00446FC1,"FUN_00446fc1",9,""
0x00446FCA,"_malloc",202,"size_t _Size"
0x00447094,"__resetstkoflw",238,""
0x00447182,"_free",133,"void * _Memory"
0x004471D8,"FUN_004471d8",9,""
0x00447210,"_calloc",64,"size_t _Count;size_t _Size"
0x00447250,"__recalloc",123,"void * _Memory;size_t _Count;size_t _Size"
0x004472CB,"__onexit_nolock",186,"int param_1"
0x004473B6,"__onexit",54,"_onexit_t _Func"
0x004473EC,"FUN_004473ec",6,""
0x004473F2,"_atexit",23,"_func_4879 * param_1"
0x00447409,"__time64",81,"__time64_t * _Time"
0x0044745A,"__crt_waiting_on_module_handle",48,"LPCWSTR param_1"
0x0044748A,"__amsg_exit",41,"int param_1"
0x004474B3,"___crtCorExitProcess",43,"int param_1"
0x004474DE,"___crtExitProcess",23,"int param_1"
0x004474F6,"FUN_004474f6",9,""
0x004474FF,"FUN_004474ff",9,""
0x00447508,"__initterm",29,"undefined4 * param_1"
0x00447525,"__initterm_e",36,"undefined4 * param_1;undefined4 * param_2"
0x00447549,"__cinit",133,"int param_1"
0x004475CE,"doexit",285,"int param_1;int param_2;int param_3"
0x004476E5,"FUN_004476e5",15,""
0x004476FA,"_exit",22,"int _Code"
0x00447710,"__exit",22,"int param_1"
0x00447726,"__cexit",15,""
0x00447744,"__init_pointers",78,""
0x00447792,"_realloc",524,"void * _Memory;size_t _NewSize"
0x004478D6,"FUN_004478d6",9,""
0x004479AD,"_JumpToContinuation",45,"void * param_1;EHRegistrationNode * param_2"
0x004479DF,"FID_conflict:_CallMemberFunction1",7,"undefined4 param_1;undefined * UNRECOVERED_JUMPTABLE"
0x004479E6,"_UnwindNestedFrames",84,"EHRegistrationNode * param_1;EHExceptionRecord * param_2"
0x00447A3A,"FID_conflict:___CxxFrameHandler3",54,"EHExceptionRecord * param_1;EHRegistrationNode * param_2;_CONTEXT * param_3;void * param_4"
0x00447A70,"CatchGuardHandler",51,"EHExceptionRecord * param_1;CatchGuardRN * param_2;void * param_3;void * param_4"
0x00447AA3,"_CallSETranslator",215,"EHExceptionRecord * param_1;EHRegistrationNode * param_2;void * param_3;void * param_4;_s_FuncInfo * param_5;int param_6;EHRegistrationNode * param_7"
0x00447B7A,"TranslatorGuardHandler",154,"EHExceptionRecord * param_1;TranslatorGuardRN * param_2;void * param_3;void * param_4"
0x00447C19,"_GetRangeOfTrysToCheck",117,"_s_FuncInfo * param_1;int param_2;int param_3;uint * param_4;uint * param_5"
0x00447C8E,"__CreateFrameInfo",44,"undefined4 * param_1;undefined4 param_2"
0x00447CBA,"__IsExceptionObjectToBeDestroyed",39,"int param_1"
0x00447CE1,"__FindAndUnlinkFrame",82,"void * param_1"
0x00447D33,"_CallCatchBlock2",96,"EHRegistrationNode * param_1;_s_FuncInfo * param_2;void * param_3;int param_4;ulong param_5"
0x00447D93,"__EH_prolog3",51,"int param_1"
0x00447DC6,"__EH_prolog3_catch",54,"int param_1"
0x00447DFC,"__EH_prolog3_GS",54,"int param_1"
0x00447E32,"__EH_prolog3_catch_GS",57,"int param_1"
0x00447E6B,"__EH_epilog3",20,""
0x00447E7F,"FUN_00447e7f",15,""
0x00447E8E,"FUN_00447e8e",15,""
0x00447E9D,"FUN_00447e9d",26,"short * param_1"
0x00447EB7,"_wcscpy_s",111,"wchar_t * _Dst;rsize_t _SizeInWords;wchar_t * _Src"
0x00447F26,"_wcsncpy_s",211,"wchar_t * _Dst;rsize_t _SizeInWords;wchar_t * _Src;rsize_t _MaxCount"
0x00447FF9,"__CxxThrowException@8",76,"undefined4 param_1;byte * param_2"
0x00448045,"_swprintf_s",30,"wchar_t * _Dst;size_t _SizeInWords;wchar_t * _Format"
0x00448063,"__snwprintf_s",33,"wchar_t * _DstBuf;size_t _SizeInWords;size_t _MaxCount;wchar_t * _Format"
0x00448084,"__get_errno_from_oserr",66,"ulong param_1"
0x004480C6,"__errno",19,""
0x004480D9,"___doserrno",19,""
0x004480EC,"__dosmaperr",35,"ulong param_1"
0x00448110,"_memset",122,"void * _Dst;int _Val;size_t _Size"
0x0044818A,"_wcsnlen",31,"wchar_t * _Src;size_t _MaxCount"
0x004481A9,"vscan_fn",107,"undefined * param_1;int param_2;undefined4 param_3;undefined4 param_4"
0x00448214,"__snwscanf_s",35,"wchar_t * _Src;size_t _MaxCount;wchar_t * _Format"
0x00448238,"__SEH_prolog4",69,"undefined4 param_1;int param_2"
0x0044827D,"__SEH_epilog4",20,""
0x004482A0,"__except_handler4",396,"int * param_1;PVOID param_2;undefined4 param_3"
0x0044842C,"_wcscmp",55,"wchar_t * _Str1;wchar_t * _Str2"
0x00448463,"_memcmp",5632,"void * _Buf1;void * _Buf2;size_t _Size"
0x00449AE3,"__wsplitpath_s",544,"wchar_t * _FullPath;wchar_t * _Drive;size_t _DriveSize;wchar_t * _Dir;size_t _DirSize;wchar_t * _Filename;size_t _FilenameSize;wchar_t * _Ext;size_t _ExtSize"
0x00449D03,"__wmakepath_s",292,"wchar_t * _PathResult;size_t _SIZE;wchar_t * _Drive;wchar_t * _Dir;wchar_t * _Filename;wchar_t * _Ext"
0x00449E27,"__make__time64_t",687,"int param_1"
0x0044A0DC,"__mktime64",18,"tm * _Tm"
0x0044A0EE,"__wfullpath",270,"wchar_t * _FullPath;wchar_t * _Path;size_t _SizeInWords"
0x0044A1FC,"_labs",16,"long _X"
0x0044A20C,"_wcscat_s",125,"wchar_t * _Dst;rsize_t _SizeInWords;wchar_t * _Src"
0x0044A289,"__wcsdup",85,"wchar_t * _Str"
0x0044A2F0,"__alloca_probe",43,""
0x0044A31B,"_wcspbrk",67,"wchar_t * _Str;wchar_t * _Control"
0x0044A35E,"_wcsspn",73,"wchar_t * _Str;wchar_t * _Control"
0x0044A3A7,"_wcscspn",69,"wchar_t * _Str;wchar_t * _Control"
0x0044A3F0,"__allmul",52,"uint param_1;int param_2;uint param_3;int param_4"
0x0044A424,"__cfltcvt_init",96,""
0x0044A484,"__fpmath",35,"int param_1"
0x0044A4B0,"FUN_0044a4b0",145,"undefined4 param_1;undefined4 param_2"
0x0044A560,"__alldiv",170,"uint param_1;uint param_2;uint param_3;uint param_4"
0x0044A60A,"xtow_s",246,"uint param_1;uint param_2;uint param_3;int param_4"
0x0044A700,"__ltow_s",39,"long _Val;wchar_t * _DstBuf;size_t _SizeInWords;int _Radix"
0x0044A727,"__ultow_s",26,"ulong _Val;wchar_t * _DstBuf;size_t _SizeInWords;int _Radix"
0x0044A741,"__is_LFH_enabled",127,""
0x0044A7C0,"__expand",303,"void * _Memory;size_t _NewSize"
0x0044A8AF,"FUN_0044a8af",9,""
0x0044A900,"__msize",146,"void * _Memory"
0x0044A99A,"FUN_0044a99a",9,""
0x0044A9A3,"__localtime64_s",687,"tm * _Tm;__time64_t * _Time"
0x0044AC60,"__allshl",31,"byte param_1;int param_2"
0x0044AC7F,"wcstoxl",506,"localeinfo_struct * param_1;wchar_t * param_2;wchar_t * * param_3;int param_4;int param_5"
0x0044AE79,"_wcstol",43,"wchar_t * _Str;wchar_t * * _EndPtr;int _Radix"
0x0044AEA4,"_wcstoul",44,"wchar_t * _Str;wchar_t * * _EndPtr;int _Radix"
0x0044AED0,"__isleadbyte_l",56,"int _C;_locale_t _Locale"
0x0044AF08,"_isleadbyte",19,"int _C"
0x0044AF1B,"_iswdigit",19,"wint_t _C"
0x0044AF2E,"_iswspace",19,"wint_t _C"
0x0044AFA0,"__alloca_probe_16",22,""
0x0044AFB6,"__alloca_probe_8",22,""
0x0044AFCC,"__CxxUnhandledExceptionFilter",66,"_EXCEPTION_POINTERS * param_1"
0x0044B01C,"__NMSG_WRITE",410,"int param_1"
0x0044B1C7,"__FF_MSGBANNER",57,""
0x0044B200,"__XcptFilter",352,"ulong _ExceptionNum;_EXCEPTION_POINTERS * _ExceptionPtr"
0x0044B360,"__wwincmdln",70,""
0x0044B3A6,"__wsetenvp",219,""
0x0044B484,"wparse_cmdline",337,"undefined4 * param_1;int * param_2"
0x0044B5D5,"__wsetargv",174,""
0x0044B683,"___crtGetEnvironmentStringsW",87,""
0x0044B6DA,"GetCommandLineW",6,""
0x0044B6E0,"__ioinit",582,""
0x0044B934,"__RTC_Initialize",38,""
0x0044B980,"__encode_pointer",114,"int param_1"
0x0044B9F2,"__encoded_null",9,""
0x0044B9FB,"__decode_pointer",114,"int param_1"
0x0044BA76,"___set_flsgetvalue",52,""
0x0044BAAA,"__mtterm",61,""
0x0044BAE7,"__initptd",207,"_ptiddata _Ptd;pthreadlocinfo _Locale"
0x0044BBBC,"FUN_0044bbbc",9,""
0x0044BBC5,"FUN_0044bbc5",9,""
0x0044BBCE,"__getptd_noexit",121,""
0x0044BC47,"__getptd",26,""
0x0044BD7B,"FUN_0044bd7b",9,""
0x0044BD87,"FUN_0044bd87",9,""
0x0044BD90,"__mtinit",397,""
0x0044BF1D,"__heap_init",48,""
0x0044BF4D,"___security_init_cookie",150,""
0x0044BFE3,"___report_gsfailure",262,""
0x0044C0E9,"terminate",44,""
0x0044C122,"FUN_0044c122",19,""
0x0044C135,"_inconsistency",49,""
0x0044C16D,"__initp_eh_hooks",17,""
0x0044C180,"_memcpy",711,"void * _Dst;void * _Src;size_t _Size"
0x0044C4E5,"FUN_0044c4e5",15,"undefined4 param_1"
0x0044C4F4,"__invoke_watson",296,"wchar_t * param_1;wchar_t * param_2;wchar_t * param_3;uint param_4;uintptr_t param_5"
0x0044C61C,"__invalid_parameter",38,"wchar_t * param_1;wchar_t * param_2;wchar_t * param_3;uint param_4;uintptr_t param_5"
0x0044C650,"_memmove",711,"void * _Dst;void * _Src;size_t _Size"
0x0044C9B5,"__flsbuf",356,"int _Ch;FILE * _File"
0x0044CB19,"write_string",82,"int param_1"
0x0044CB6B,"__woutput_l",2933,"FILE * _File;wchar_t * _Format;_locale_t _Locale;va_list _ArgList"
0x0044D703,"write_char",47,"wchar_t param_1"
0x0044D732,"write_multi_char",39,"wchar_t param_1;int param_2"
0x0044D759,"__woutput_s_l",2942,"FILE * _File;wchar_t * _Format;_locale_t _Locale;va_list _ArgList"
0x0044E2F9,"_Type_info_dtor",103,"type_info * param_1"
0x0044E360,"FUN_0044e360",9,""
0x0044E370,"_strcmp",135,"char * _Str1;char * _Str2"
0x0044E3F8,"CPtoLCID",47,"int param_1"
0x0044E427,"setSBCS",100,"threadmbcinfostruct * param_1"
0x0044E48B,"setSBUpLow",403,"threadmbcinfostruct * param_1"
0x0044E61E,"___updatetmbcinfo",152,""
0x0044E6B9,"FUN_0044e6b9",9,""
0x0044E6C2,"getSystemCP",124,"int param_1"
0x0044E73E,"__setmbcp_nolock",485,"undefined4 param_1;int param_2"
0x0044E923,"FUN_0044e923",399,""
0x0044EA84,"FUN_0044ea84",9,""
0x0044EADB,"___freetlocinfo",329,"void * param_1"
0x0044EC24,"___addlocaleref",143,"LONG * param_1"
0x0044ECB3,"___removelocaleref",153,"LONG * param_1"
0x0044ED4C,"__updatetlocinfoEx_nolock",62,""
0x0044ED8A,"___updatetlocinfo",106,""
0x0044EDF4,"FUN_0044edf4",12,""
0x0044EE00,"___crtLCMapStringW",87,"LPCWSTR _LocaleName;DWORD _DWMapFlag;LPCWSTR _LpSrcStr;int _CchSrc;LPWSTR _LpDestStr;int _CchDest"
0x0044EE57,"_abort",279,""
0x0044EF6E,"__set_abort_behavior",33,"uint _Flags;uint _Mask"
0x0044EF8F,"FUN_0044ef8f",15,"undefined4 param_1"
0x0044EF9E,"__mtinitlocks",75,""
0x0044EFE9,"__mtdeletelocks",87,""
0x0044F040,"FUN_0044f040",23,"int param_1"
0x0044F057,"__mtinitlocknum",186,"int _LockNum"
0x0044F111,"FUN_0044f111",9,""
0x0044F11A,"__lock",51,"int _File"
0x0044F14D,"___sbh_find_block",48,"int param_1"
0x0044F17D,"___sbh_free_block",790,"uint * param_1;int param_2"
0x0044F493,"___sbh_alloc_new_region",176,""
0x0044F543,"___sbh_alloc_new_group",264,"int param_1"
0x0044F64B,"___sbh_resize_block",737,"uint * param_1;int param_2;int param_3"
0x0044F92C,"___sbh_alloc_block",741,"uint * param_1"
0x0044FC11,"FUN_0044fc11",15,"undefined4 param_1"
0x0044FC20,"__callnewh",40,"size_t _Size"
0x0044FC48,"__calloc_impl",272,"uint param_1;uint param_2;undefined4 * param_3"
0x0044FD44,"FUN_0044fd44",9,""
0x0044FD66,"__malloc_crt",69,"size_t _Size"
0x0044FDAB,"__calloc_crt",76,"size_t _Count;size_t _Size"
0x0044FDF7,"__realloc_crt",78,"void * _Ptr;size_t _NewSize"
0x0044FE45,"__recalloc_crt",82,"void * _Ptr;size_t _Count;size_t _Size"
0x0044FEA0,"__aulldiv",104,"uint param_1;uint param_2;uint param_3;uint param_4"
0x0044FF08,"__initp_misc_cfltcvt_tab",33,""
0x0044FF30,"__ValidateImageBase",53,"PBYTE pImageBase"
0x0044FF70,"__FindPESection",68,"PBYTE pImageBase;DWORD_PTR rva"
0x0044FFD0,"__IsNonwritableInCurrentImage",166,"PBYTE pTarget"
0x0045008D,"__initp_misc_winsig",30,"undefined4 param_1"
0x004500AB,"siglookup",55,"uint param_1"
0x004500E2,"___get_sigabrt",13,""
0x004500EF,"_raise",411,"int _SigNum"
0x00450263,"FUN_00450263",15,""
0x0045029F,"FUN_0045029f",15,"undefined4 param_1"
0x004502AE,"FUN_004502ae",15,"undefined4 param_1"
0x004502BD,"___crtInitCritSecAndSpinCount",49,"LPCRITICAL_SECTION param_1;DWORD param_2"
0x0045031D,"bad_exception",30,"bad_exception * this;char * param_1"
0x00450346,"FUN_00450346",39,"void * this;byte param_1"
0x0045036D,"___TypeMatch",95,"byte * param_1;byte * param_2;uint * param_3"
0x004503CC,"___FrameUnwindFilter",73,"undefined4 * param_1"
0x00450415,"___FrameUnwindToState",166,"int param_1;undefined4 param_2;int param_3;int param_4"
0x004504DB,"FUN_004504db",27,""
0x0045053B,"___DestructExceptionObject",67,"int * param_1"
0x00450590,"___AdjustPointer",41,"int param_1;int * param_2"
0x004505B9,"IsInExceptionSpec",123,"EHExceptionRecord * param_1;_s_ESTypeList * param_2"
0x00450634,"FUN_00450634",49,"void * param_1"
0x00450665,"Catch_All@00450665",23,""
0x0045067D,"CallCatchBlock",172,"EHExceptionRecord * param_1;EHRegistrationNode * param_2;_CONTEXT * param_3;_s_FuncInfo * param_4;void * param_5;int param_6;ulong param_7"
0x004507A3,"FUN_004507a3",118,""
0x00450819,"___BuildCatchObjectHelper",371,"int param_1;int * param_2;uint * param_3;byte * param_4"
0x00450998,"___BuildCatchObject",133,"int param_1;int * param_2;uint * param_3;byte * param_4"
0x00450A2A,"CatchIt",110,"EHExceptionRecord * param_1;EHRegistrationNode * param_2;_CONTEXT * param_3;void * param_4;_s_FuncInfo * param_5;_s_HandlerType * param_6;_s_CatchableType * param_7;_s_TryBlockMapEntry * param_8;int param_9;EHRegistrationNode * param_10;uchar param_11"
0x00450A98,"FindHandlerForForeignException",244,"EHExceptionRecord * param_1;EHRegistrationNode * param_2;_CONTEXT * param_3;void * param_4;_s_FuncInfo * param_5;int param_6;int param_7;EHRegistrationNode * param_8"
0x00450B8C,"FindHandler",839,"EHExceptionRecord * param_1;EHRegistrationNode * param_2;_CONTEXT * param_3;void * param_4;_s_FuncInfo * param_5;uchar param_6;int param_7;EHRegistrationNode * param_8"
0x00450ED3,"FUN_00450ed3",29,"void * this;exception * param_1"
0x00450EF0,"___InternalCxxFrameHandler",230,"EHExceptionRecord * param_1;EHRegistrationNode * param_2;_CONTEXT * param_3;void * param_4;_s_FuncInfo * param_5;int param_6;EHRegistrationNode * param_7;uchar param_8"
0x00450FE0,"__CallSettingFrame@12",76,"undefined4 param_1;undefined4 param_2;int param_3"
0x0045102C,"fastzero_I",79,"undefined1[16] * param_1;uint param_2"
0x00451083,"__VEC_memzero",143,"undefined1[16] * param_1;undefined4 param_2;uint param_3"
0x00451112,"FUN_00451112",45,""
0x00451162,"__get_sse2_info",98,""
0x004511D1,"___check_float_string",90,"size_t param_1;void * param_2;undefined4 * param_3"
0x0045122B,"__hextodec",54,"uint param_1"
0x00451261,"__un_inc",24,"wint_t param_1;FILE * param_2"
0x00451279,"__whiteout",50,"FILE * param_1"
0x004512AB,"__winput_s_l",4638,"FILE * _File;wchar_t * param_2;_locale_t _Locale;va_list _ArgList"
0x004524CC,"__local_unwind4",144,"uint * param_1;int param_2;uint param_3"
0x004525A2,"FUN_004525a2",28,"int param_1"
0x004525BE,"_EH4_CallFilterFunc",23,"undefined * param_1"
0x004525D5,"_EH4_TransferToHandler",25,"undefined * UNRECOVERED_JUMPTABLE"
0x004525EE,"_EH4_GlobalUnwind",26,"PVOID param_1"
0x00452608,"_EH4_LocalUnwind",23,"int param_1;uint param_2;undefined4 param_3;uint * param_4"
0x0045261F,"__gmtime64_s",579,"tm * _Tm;__time64_t * _Time"
0x00452862,"__get_daylight",57,"int * _Daylight"
0x0045289B,"__get_dstbias",57,"long * _Daylight_savings_bias"
0x004528D4,"__get_timezone",57,"long * _Timezone"
0x0045290D,"FUN_0045290d",6,""
0x00452913,"FUN_00452913",6,""
0x00452919,"FUN_00452919",6,""
0x0045291F,"FUN_0045291f",6,""
0x00452925,"FID_conflict:__set_dstbias",17,"long _Value"
0x00452936,"FID_conflict:__set_dstbias",17,"long _Value"
0x00452947,"FID_conflict:__set_dstbias",17,"long _Value"
0x00452958,"__tzset_nolock",799,""
0x00452C04,"FUN_00452c04",9,""
0x00452C9E,"cvtdate",500,"int param_1;int param_2;uint param_3;int param_4;int param_5;int param_6;int param_7;int param_8;int param_9"
0x00452E96,"__isindst_nolock",469,""
0x0045306E,"___tzset",70,""
0x004530B4,"FUN_004530b4",9,""
0x004530BD,"__isindst",56,"tm * _Time"
0x004530F5,"FUN_004530f5",9,""
0x00453100,"__allrem",178,"uint param_1;uint param_2;uint param_3;uint param_4"
0x004531B2,"__wgetdcwd_nolock",332,"uint param_1;LPWSTR param_2;size_t param_3"
0x004532FE,"__wgetcwd",64,"wchar_t * _DstBuf;int _SizeInWords"
0x0045333E,"FUN_0045333e",9,""
0x00453347,"__forcdecpt_l",115,"char * _Buf;_locale_t _Locale"
0x004533BA,"__cropzeros_l",130,"char * _Buf;_locale_t _Locale"
0x0045343C,"__positive",28,"double * arg"
0x00453458,"__fassign_l",66,"int flag;char * argument;char * number;_locale_t param_4"
0x0045349A,"__fassign",26,"int flag;char * argument;char * number"
0x004534B4,"__shift",31,""
0x004534D3,"__forcdecpt",19,"char * _Buf"
0x004534E6,"__cropzeros",19,"char * _Buf"
0x004534F9,"__cftoe2_l",364,"uint param_1;int param_2;int param_3;int * param_4;char param_5;localeinfo_struct * param_6"
0x00453668,"__cftoe_l",208,"double * param_1;undefined1 * param_2;uint param_3;int param_4;int param_5;localeinfo_struct * param_6"
0x00453738,"__cftoe",32,"double * _Value;char * _Buf;size_t _SizeInBytes;int _Dec;int _Caps"
0x00453758,"__cftoa_l",883,"double * param_1;undefined1 * param_2;uint param_3;size_t param_4;int param_5;localeinfo_struct * param_6"
0x00453ACB,"__cftof2_l",247,"void * this;int param_1;size_t param_2;char param_3;localeinfo_struct * param_4"
0x00453BC2,"__cftof_l",187,"double * param_1;undefined1 * param_2;int param_3;size_t param_4;localeinfo_struct * param_5"
0x00453C7D,"__cftog_l",250,"double * param_1;undefined1 * param_2;uint param_3;size_t param_4;int param_5;localeinfo_struct * param_6"
0x00453D77,"__cfltcvt_l",136,"double * arg;char * buffer;size_t sizeInBytes;int format;int precision;int caps;_locale_t plocinfo"
0x00453DFF,"__cfltcvt",35,"double * arg;char * buffer;size_t sizeInBytes;int format;int precision;int caps"
0x00453E22,"__setdefaultprecision",40,""
0x00453E4D,"__ms_p5_test_fdiv",62,""
0x00453E8B,"__ms_p5_mp_test_fdiv",41,""
0x00453EC0,"__aulldvrm",149,"uint param_1;uint param_2;uint param_3;uint param_4"
0x00453F55,"__wchartodigit",475,"ushort param_1"
0x00454130,"__iswctype_l",138,"wint_t _C;wctype_t _Type;_locale_t _Locale"
0x004541BA,"_iswctype",118,"wint_t _C;wctype_t _Type"
0x00454230,"___crtMessageBoxA",361,"LPCSTR _LpText;LPCSTR _LpCaption;UINT _UType"
0x00454399,"_strcat_s",116,"char * _Dst;rsize_t _SizeInBytes;char * _Src"
0x0045440D,"_strncpy_s",181,"char * _Dst;rsize_t _SizeInBytes;char * _Src;rsize_t _MaxCount"
0x004544D0,"_strlen",139,"char * _Str"
0x0045455B,"__set_error_mode",75,"int _Mode"
0x004545A6,"FUN_004545a6",8,""
0x004545AE,"FUN_004545ae",129,"undefined4 * param_1;undefined4 * param_2;uint param_3"
0x00454635,"__VEC_memcpy",227,"undefined4 * param_1;undefined4 * param_2;uint param_3"
0x00454718,"__lseeki64_nolock",133,"int _FileHandle;longlong _Offset;int _Origin"
0x0045479D,"__lseeki64",271,"int _FileHandle;longlong _Offset;int _Origin"
0x004548AC,"FUN_004548ac",10,""
0x004548B6,"__write_nolock",1843,"int _FileHandle;void * _Buf;uint _MaxCharCount"
0x00454FE9,"__write",210,"int _FileHandle;void * _Buf;uint _MaxCharCount"
0x004550BB,"FUN_004550bb",10,""
0x004550C5,"__getbuf",73,"FILE * _File"
0x0045510E,"__isatty",100,"int _FileHandle"
0x00455172,"FUN_00455172",6,""
0x00455249,"__lock_file",65,"FILE * _File"
0x0045528A,"__lock_file2",50,"int _Index;void * _File"
0x004552BC,"__unlock_file",60,"FILE * _File"
0x004552F8,"__unlock_file2",47,"int _Index;void * _File"
0x00455327,"__fileno",50,"FILE * _File"
0x00455359,"__fputwc_nolock",391,"wchar_t _Ch;FILE * _File"
0x004554E0,"__get_printf_count_output",22,""
0x004554F6,"__mbtowc_l",279,"wchar_t * _DstCh;char * _SrcCh;size_t _SrcSizeInBytes;_locale_t _Locale"
0x0045560D,"_mbtowc",26,"wchar_t * _DstCh;char * _SrcCh;size_t _SrcSizeInBytes"
0x00455627,"__crtLCMapStringA_stat",933,"localeinfo_struct * param_1;ulong param_2;ulong param_3;char * param_4;int param_5;char * param_6;int param_7;int param_8;int param_9"
0x004559CC,"___crtLCMapStringA",69,"_locale_t _Plocinfo;LPCWSTR _LocaleName;DWORD _DwMapFlag;LPCSTR _LpSrcStr;int _CchSrc;LPSTR _LpDestStr;int _CchDest;int _Code_page;BOOL _BError"
0x00455A11,"__crtGetStringTypeA_stat",442,"localeinfo_struct * param_1;ulong param_2;char * param_3;int param_4;ushort * param_5;int param_6;int param_7;int param_8"
0x00455BCB,"___crtGetStringTypeA",66,"_locale_t _Plocinfo;DWORD _DWInfoType;LPCSTR _LpSrcStr;int _CchSrc;LPWORD _LpCharType;int _Code_page;BOOL _BError"
0x00455C0D,"___free_lc_time",405,"undefined4 * param_1"
0x00455DA2,"___free_lconv_num",69,"undefined4 * param_1"
0x00455DE7,"___free_lconv_mon",142,"int param_1"
0x00455E75,"____lc_codepage_func",38,""
0x00455EA0,"_strcspn",70,"char * _Str;char * _Control"
0x00455EF0,"_strpbrk",64,"char * _Str;char * _Control"
0x00455F30,"__isdigit_l",81,"int _C;_locale_t _Locale"
0x00455F81,"_isdigit",46,"int _C"
0x00455FAF,"FID_conflict:__isxdigit_l",86,"int _C;_locale_t _Locale"
0x00456005,"_isxdigit",48,"int _C"
0x0045603E,"exception",83,"exception * this;char * * param_1"
0x00456091,"exception",93,"exception * this;exception * param_1"
0x004560EE,"~exception",22,"exception * this"
0x00456104,"FUN_00456104",13,"int param_1"
0x00456111,"FUN_00456111",33,"void * this;byte param_1"
0x00456132,"_ValidateRead",18,"void * param_1;uint param_2"
0x00456144,"__global_unwind2",32,"PVOID param_1"
0x004561A9,"__local_unwind2",132,"int param_1;uint param_2"
0x00456250,"__NLG_Notify1",9,"undefined4 param_1"
0x00456259,"__NLG_Notify",31,"ulong param_1"
0x00456278,"FUN_00456278",3,""
0x0045627B,"__fgetwc_nolock",427,"FILE * _File"
0x00456426,"__ungetwc_nolock",442,"wint_t _Ch;FILE * _File"
0x004565E0,"__wctomb_s_l",364,"int * _SizeConverted;char * _MbCh;size_t _SizeInBytes;wchar_t _WCh;_locale_t _Locale"
0x0045674C,"_wctomb_s",29,"int * _SizeConverted;char * _MbCh;rsize_t _SizeInBytes;wchar_t _WCh"
0x00456769,"__wcstombs_l_helper",578,"LPSTR param_1;LPCWSTR param_2;uint param_3;localeinfo_struct * param_4"
0x004569AB,"__wcstombs_s_l",186,"size_t * _PtNumOfCharConverted;char * _Dst;size_t _DstSizeInBytes;wchar_t * _Src;size_t _MaxCountInBytes;_locale_t _Locale"
0x00456A65,"_wcstombs_s",32,"size_t * _PtNumOfCharConverted;char * _Dst;size_t _DstSizeInBytes;wchar_t * _Src;size_t _MaxCountInBytes"
0x00456A85,"_atol",22,"char * _Str"
0x00456A9B,"__getenv_helper_nolock",135,"char * param_1"
0x00456B22,"__getdrive",201,""
0x00456BEB,"__validdrive",57,"uint param_1"
0x00456C30,"_strrchr",45,"char * _Str;int _Ch"
0x00456C5D,"__tolower_l",277,"int _C;_locale_t _Locale"
0x00456D72,"_tolower",44,"int _C"
0x00456D9E,"FID_conflict:__atoflt_l",168,"_CRT_FLOAT * _Result;char * _Str;_locale_t _Locale"
0x00456E46,"FID_conflict:__atoflt_l",168,"_CRT_FLOAT * _Result;char * _Str;_locale_t _Locale"
0x00456EEE,"__fptostr",191,"char * _Buf;size_t _SizeInBytes;int _Digits;STRFLT _PtFlt"
0x00456FAD,"___dtold",189,"uint * param_1;uint * param_2"
0x0045706A,"__fltout2",141,"_CRT_DOUBLE _Dbl;STRFLT _Flt;char * _ResultStr;size_t _SizeInBytes"
0x00457100,"__alldvrm",223,"uint param_1;uint param_2;uint param_3;uint param_4"
0x004571E0,"__aullshr",31,"byte param_1;uint param_2"
0x004571FF,"__controlfp_s",108,"uint * _CurrentState;uint _NewValue;uint _Mask"
0x0045726B,"___crtGetStringTypeW",62,"localeinfo_struct * param_1;DWORD param_2;LPCWSTR param_3;int param_4;LPWORD param_5"
0x004572A9,"__free_osfhnd",134,"int param_1"
0x0045732F,"__get_osfhandle",119,"int _FileHandle"
0x004573A6,"___lock_fhandle",146,"int _Filehandle"
0x0045743D,"FUN_0045743d",9,""
0x00457446,"__unlock_fhandle",39,"int _Filehandle"
0x0045746D,"__putwch_nolock",197,"wchar_t _WCh"
0x004575D1,"__flush",104,"FILE * _File"
0x00457639,"__fflush_nolock",72,"FILE * _File"
0x00457681,"flsall",187,"int param_1"
0x00457723,"FUN_00457723",17,""
0x00457752,"FUN_00457752",9,""
0x00457764,"__flswbuf",372,"int _Ch;FILE * _File"
0x004578D8,"strtoxl",559,"localeinfo_struct * param_1;char * param_2;char * * param_3;int param_4;int param_5"
0x00457B07,"_strtol",43,"char * _Str;char * * _EndPtr;int _Radix"
0x00457B32,"___ansicp",73,"LCID param_1"
0x00457B7B,"___convertcp",436,"UINT param_1;UINT param_2;char * param_3;uint * param_4;LPSTR param_5;int param_6"
0x00457D2F,"__strnicmp_l",242,"char * _Str1;char * _Str2;size_t _MaxCount;_locale_t _Locale"
0x00457E21,"__isctype_l",184,"int _C;int _Type;_locale_t _Locale"
0x00457ED9,"__filwbuf",313,"FILE * _File"
0x00458012,"__ungetc_nolock",241,"int _Ch;FILE * _File"
0x00458103,"_ungetc",104,"int _Ch;FILE * _File"
0x0045816B,"FUN_0045816b",10,""
0x00458175,"__filbuf",299,"FILE * _File"
0x004582A0,"__mbsnbicoll_l",238,"uchar * _Str1;uchar * _Str2;size_t _MaxCount;_locale_t _Locale"
0x0045838E,"__mbsnbicoll",26,"uchar * _Str1;uchar * _Str2;size_t _MaxCount"
0x004583A8,"___wtomb_environ",151,""
0x0045843F,"__toupper_l",278,"int _C;_locale_t _Locale"
0x00458555,"_toupper",44,"int _C"
0x00458581,"FID_conflict:__ld12tod",1348,"_LDBL12 * _Ifp;_CRT_DOUBLE * _D"
0x00458AC5,"FID_conflict:__ld12tod",1348,"_LDBL12 * _Ifp;_CRT_DOUBLE * _D"
0x00459009,"___strgtold12_l",1735,"_LDBL12 * pld12;char * * p_end_ptr;char * str;int mult12;int scale;int decpt;int implicit_E;_locale_t _Locale"
0x00459701,"$I10_OUTPUT",2334,"int param_1;uint param_2;ushort param_3;int param_4;byte param_5;short * param_6"
0x0045A025,"__hw_cw",142,""
0x0045A0B3,"___hw_cw_sse2",160,"undefined4 param_1;uint param_2"
0x0045A153,"__control87",783,"uint _NewValue;uint _Mask"
0x0045A462,"___initconout",31,""
0x0045A4AE,"__fclose_nolock",119,"FILE * _File"
0x0045A5A1,"__commit",215,"int _FileHandle"
0x0045A678,"FUN_0045a678",10,""
0x0045A690,"___ascii_strnicmp",97,"char * _Str1;char * _Str2;size_t _MaxCount"
0x0045A6F1,"__read_nolock",1474,"int _FileHandle;void * _DstBuf;uint _MaxCharCount"
0x0045ACB3,"__read",243,"int _FileHandle;void * _DstBuf;uint _MaxCharCount"
0x0045ADA6,"FUN_0045ada6",10,""
0x0045ADB0,"strncnt",30,"char * param_1;int param_2"
0x0045ADCE,"__crtCompareStringA_stat",880,"localeinfo_struct * param_1;ulong param_2;ulong param_3;char * param_4;int param_5;char * param_6;int param_7;int param_8"
0x0045B13E,"___crtCompareStringA",66,"_locale_t _Plocinfo;LPCWSTR _LocaleName;DWORD _DwCmpFlags;LPCSTR _LpString1;int _CchCount1;LPCSTR _LpString2;int _CchCount2;int _Code_page"
0x0045B180,"__strnicoll_l",250,"char * _Str1;char * _Str2;size_t _MaxCount;_locale_t _Locale"
0x0045B27A,"findenv",82,"uchar * param_1"
0x0045B2CC,"copy_environ",90,""
0x0045B326,"___crtsetenv",584,"char * * _POption;int _Primary"
0x0045B571,"___mtold12",462,"char * param_1;int param_2;uint * param_3"
0x0045B73F,"___set_fpsr_sse2",68,"uint param_1"
0x0045B7B1,"__close_nolock",156,"int _FileHandle"
0x0045B84D,"__close",195,"int _FileHandle"
0x0045B910,"FUN_0045b910",10,""
0x0045B91A,"__freebuf",49,"FILE * _File"
0x0045B94B,"__strdup",82,"char * _Src"
0x0045B9A0,"__mbschr_l",188,"uchar * _Str;uint _Ch;_locale_t _Locale"
0x0045BA5C,"__mbschr",23,"uchar * _Str;uint _Ch"
0x0045BA90,"_strchr",195,"char * _Str;int _Val"
0x0045BB4E,"CreateToolhelp32Snapshot",6,""
0x0045BB54,"Process32FirstW",6,""
0x0045BB5A,"Process32NextW",6,""
0x0045BB60,"Module32FirstW",6,""
0x0045BB66,"Module32NextW",6,""
0x0045BB6C,"RtlUnwind",6,"PVOID TargetFrame;PVOID TargetIp;PEXCEPTION_RECORD ExceptionRecord;PVOID ReturnValue"
0x0045BB72,"ReuseDDElParam",6,"LPARAM lParam;UINT msgIn;UINT msgOut;UINT_PTR uiLo;UINT_PTR uiHi"
0x0045BB7E,"ClosePrinter",6,"HANDLE hPrinter"
0x0045BB84,"DocumentPropertiesW",6,"HWND hWnd;HANDLE hPrinter;LPWSTR pDeviceName;PDEVMODEW pDevModeOutput;PDEVMODEW pDevModeInput;DWORD fMode"
0x0045BB8A,"OpenPrinterW",6,"LPWSTR pPrinterName;LPHANDLE phPrinter;LPPRINTER_DEFAULTSW pDefault"
0x0045BB90,"OleUIBusyW",6,""
0x0045BB96,"FUN_0045bb96",49,"undefined4 * param_1"
0x0045BBE9,"FUN_0045bbe9",22,"int * param_1"
0x0045BBFF,"FUN_0045bbff",31,"int param_1"
0x0045BC1E,"FUN_0045bc1e",31,"undefined4 * param_1"
0x0045BC3D,"FUN_0045bc3d",22,"void * param_1"
0x0045BC53,"FUN_0045bc53",45,"LPCRITICAL_SECTION param_1"
0x0045BC9E,"FUN_0045bc9e",28,"int param_1"
0x0045BCBA,"FUN_0045bcba",24,"int param_1"
0x0045BCD2,"FUN_0045bcd2",64,"undefined4 * param_1"
0x0045BD12,"GdiplusShutdown",6,""
0x0045BD18,"GdipDrawImageI",6,""
0x0045BD1E,"GdipDeleteGraphics",6,""
0x0045BD24,"GdipGetImageGraphicsContext",6,""
0x0045BD2A,"GdipDisposeImage",6,""
0x0045BD30,"GdipFree",6,""
0x0045BD36,"GdipAlloc",6,""
0x0045BD3C,"GdipCloneImage",6,""
0x0045BD42,"GdipCreateBitmapFromScan0",6,""
0x0045BD48,"GdipBitmapUnlockBits",6,""
0x0045BD4E,"GdipBitmapLockBits",6,""
0x0045BD54,"GdipGetImagePalette",6,""
0x0045BD5A,"GdipGetImagePaletteSize",6,""
0x0045BD60,"GdipGetImageWidth",6,""
0x0045BD66,"GdipGetImageHeight",6,""
0x0045BD6C,"GdipGetImagePixelFormat",6,""
0x0045BD72,"GdipCreateBitmapFromFile",6,""
0x0045BD78,"GdiplusStartup",6,""
0x0045BD7E,"DelayLoad_CreateStdAccessibleObject",10,""
0x0045BD88,"FUN_0045bd88",17,""
0x0045BD99,"CreateStdAccessibleObject",6,"HWND hwnd;LONG idObject;IID * riid;void * * ppvObject"
0x0045BD9F,"DelayLoad_LresultFromObject",10,""
0x0045BDA9,"LresultFromObject",6,"IID * riid;WPARAM wParam;LPUNKNOWN punk"
0x0045BDAF,"___delayLoadHelper2@8",573,"uint * param_1;int * param_2"
0x0045BFEC,"FUN_0045bfec",11,"HINSTANCE__ * param_1;HINSTANCE__ * param_2;wchar_t * param_3;int param_4"
0x0045BFF7,"FUN_0045bff7",23,"AFX_MODULE_STATE param_1"
0x0045C00E,"FUN_0045c00e",19,""
0x0045C021,"AfxWinMain",121,"HINSTANCE__ * param_1;HINSTANCE__ * param_2;wchar_t * param_3;int param_4"
0x0045C0A0,"Unwind@0045c0a0",8,""
0x0045C0C3,"Unwind@0045c0c3",8,""
0x0045C0F0,"Unwind@0045c0f0",8,""
0x0045C0F8,"Unwind@0045c0f8",8,""
0x0045C136,"Unwind@0045c136",11,""
0x0045C169,"Unwind@0045c169",25,""
0x0045C19D,"Unwind@0045c19d",11,""
0x0045C1D0,"Unwind@0045c1d0",8,""
0x0045C20E,"Unwind@0045c20e",12,""
0x0045C250,"Unwind@0045c250",8,""
0x0045C273,"Unwind@0045c273",11,""
0x0045C2B7,"Unwind@0045c2b7",11,""
0x0045C2EA,"Unwind@0045c2ea",8,""
0x0045C2F2,"Unwind@0045c2f2",8,""
0x0045C2FA,"Unwind@0045c2fa",8,""
0x0045C302,"Unwind@0045c302",8,""
0x0045C325,"Unwind@0045c325",10,""
0x0045C34A,"Unwind@0045c34a",11,""
0x0045C37D,"Unwind@0045c37d",8,""
0x0045C3A0,"Unwind@0045c3a0",8,""
0x0045C3DE,"Unwind@0045c3de",14,""
0x0045C3EC,"Unwind@0045c3ec",11,""
0x0045C41F,"Unwind@0045c41f",11,""
0x0045C452,"Unwind@0045c452",11,""
0x0045C485,"Unwind@0045c485",11,""
0x0045C4AB,"Unwind@0045c4ab",8,""
0x0045C4B3,"Unwind@0045c4b3",25,""
0x0045C4E7,"Unwind@0045c4e7",25,""
0x0045C500,"Unwind@0045c500",8,""
0x0045C523,"Unwind@0045c523",25,""
0x0045C557,"Unwind@0045c557",10,""
0x0045C57C,"Unwind@0045c57c",8,""
0x0045C59F,"Unwind@0045c59f",8,""
0x0045C5C2,"Unwind@0045c5c2",8,""
0x0045C5CA,"Unwind@0045c5ca",8,""
0x0045C5D2,"Unwind@0045c5d2",8,""
0x0045C5DA,"Unwind@0045c5da",8,""
0x0045C5E2,"Unwind@0045c5e2",8,""
0x0045C605,"Unwind@0045c605",8,""
0x0045C60D,"Unwind@0045c60d",8,""
0x0045C615,"Unwind@0045c615",8,""
0x0045C61D,"Unwind@0045c61d",8,""
0x0045C625,"Unwind@0045c625",8,""
0x0045C648,"Unwind@0045c648",8,""
0x0045C66B,"Unwind@0045c66b",8,""
0x0045C68E,"Unwind@0045c68e",8,""
0x0045C6B1,"Unwind@0045c6b1",8,""
0x0045C6B9,"Unwind@0045c6b9",8,""
0x0045C6DC,"Unwind@0045c6dc",11,""
0x0045C70F,"Unwind@0045c70f",8,""
0x0045C717,"Unwind@0045c717",14,""
0x0045C725,"Unwind@0045c725",14,""
0x0045C74E,"Unwind@0045c74e",11,""
0x0045C759,"Unwind@0045c759",17,""
0x0045C76A,"Unwind@0045c76a",17,""
0x0045C77B,"Unwind@0045c77b",11,""
0x0045C7AE,"Unwind@0045c7ae",8,""
0x0045C7B6,"Unwind@0045c7b6",8,""
0x0045C7D9,"Unwind@0045c7d9",8,""
0x0045C7FC,"Unwind@0045c7fc",8,""
0x0045C81F,"Unwind@0045c81f",8,""
0x0045C827,"Unwind@0045c827",8,""
0x0045C82F,"Unwind@0045c82f",8,""
0x0045C837,"Unwind@0045c837",8,""
0x0045C83F,"Unwind@0045c83f",8,""
0x0045C847,"Unwind@0045c847",11,""
0x0045C852,"Unwind@0045c852",8,""
0x0045C878,"Unwind@0045c878",8,""
0x0045C8A5,"Unwind@0045c8a5",8,""
0x0045C8E3,"Unwind@0045c8e3",8,""
0x0045C906,"Unwind@0045c906",8,""
0x0045C929,"Unwind@0045c929",10,""
0x0045C94E,"Unwind@0045c94e",11,""
0x0045C981,"Unwind@0045c981",8,""
0x0045C9A4,"Unwind@0045c9a4",11,""
0x0045C9AF,"Unwind@0045c9af",11,""
0x0045C9E2,"Unwind@0045c9e2",8,""
0x0045CA05,"Unwind@0045ca05",11,""
0x0045CA2B,"Unwind@0045ca2b",11,""
0x0045CA51,"Unwind@0045ca51",8,""
0x0045CA59,"Unwind@0045ca59",10,""
0x0045CA63,"Unwind@0045ca63",11,""
0x0045CA96,"Unwind@0045ca96",11,""
0x0045CAC9,"Unwind@0045cac9",8,""
0x0045CAEC,"Unwind@0045caec",9,""
0x0045CAF5,"Unwind@0045caf5",9,""
0x0045CB19,"Unwind@0045cb19",9,""
0x0045CB3D,"Unwind@0045cb3d",11,""
0x0045CB48,"Unwind@0045cb48",11,""
0x0045CB53,"Unwind@0045cb53",11,""
0x0045CB86,"Unwind@0045cb86",11,""
0x0045CB91,"Unwind@0045cb91",11,""
0x0045CB9C,"Unwind@0045cb9c",11,""
0x0045CBCF,"Unwind@0045cbcf",8,""
0x0045CBF2,"Unwind@0045cbf2",8,""
0x0045CBFA,"Unwind@0045cbfa",11,""
0x0045CC05,"Unwind@0045cc05",11,""
0x0045CC2B,"Unwind@0045cc2b",8,""
0x0045CC33,"Unwind@0045cc33",11,""
0x0045CC3E,"Unwind@0045cc3e",11,""
0x0045CC49,"Unwind@0045cc49",11,""
0x0045CC6F,"Unwind@0045cc6f",8,""
0x0045CC77,"Unwind@0045cc77",8,""
0x0045CC9A,"Unwind@0045cc9a",11,""
0x0045CCCD,"Unwind@0045cccd",11,""
0x0045CD00,"Unwind@0045cd00",8,""
0x0045CD23,"Unwind@0045cd23",8,""
0x0045CD2B,"Unwind@0045cd2b",8,""
0x0045CD33,"Unwind@0045cd33",8,""
0x0045CD59,"Unwind@0045cd59",8,""
0x0045CD61,"Unwind@0045cd61",8,""
0x0045CD69,"Unwind@0045cd69",8,""
0x0045CD8F,"Unwind@0045cd8f",8,""
0x0045CD97,"Unwind@0045cd97",8,""
0x0045CD9F,"Unwind@0045cd9f",8,""
0x0045CDA7,"Unwind@0045cda7",8,""
0x0045CDCA,"Unwind@0045cdca",8,""
0x0045CDED,"Unwind@0045cded",11,""
0x0045CDF8,"Unwind@0045cdf8",11,""
0x0045CE2B,"Unwind@0045ce2b",8,""
0x0045CE33,"Unwind@0045ce33",11,""
0x0045CE59,"Unwind@0045ce59",8,""
0x0045CE61,"Unwind@0045ce61",8,""
0x0045CE84,"Unwind@0045ce84",11,""
0x0045CE8F,"Unwind@0045ce8f",14,""
0x0045CEC5,"Unwind@0045cec5",8,""
0x0045CECD,"Unwind@0045cecd",11,""
0x0045CED8,"Unwind@0045ced8",8,""
0x0045CEE0,"Unwind@0045cee0",8,""
0x0045CF06,"Unwind@0045cf06",11,""
0x0045CF11,"Unwind@0045cf11",11,""
0x0045CF37,"Unwind@0045cf37",8,""
0x0045CF5A,"Unwind@0045cf5a",11,""
0x0045CF65,"Unwind@0045cf65",11,""
0x0045CF70,"Unwind@0045cf70",9,""
0x0045CF79,"Unwind@0045cf79",9,""
0x0045CF82,"Unwind@0045cf82",9,""
0x0045CFC1,"Unwind@0045cfc1",11,""
0x0045CFE7,"Unwind@0045cfe7",11,""
0x0045CFF2,"Unwind@0045cff2",8,""
0x0045D015,"Unwind@0045d015",8,""
0x0045D038,"Unwind@0045d038",11,""
0x0045D061,"Unwind@0045d061",8,""
0x0045D069,"Unwind@0045d069",8,""
0x0045D08C,"Unwind@0045d08c",11,""
0x0045D0B2,"Unwind@0045d0b2",11,""
0x0045D0E5,"Unwind@0045d0e5",8,""
0x0045D0ED,"Unwind@0045d0ed",8,""
0x0045D146,"Unwind@0045d146",16,""
0x0045D18C,"Unwind@0045d18c",11,""
0x0045D197,"Unwind@0045d197",11,""
0x0045D1A2,"Unwind@0045d1a2",11,""
0x0045D219,"Unwind@0045d219",8,""
0x0045D221,"Unwind@0045d221",8,""
0x0045D244,"Unwind@0045d244",9,""
0x0045D268,"Unwind@0045d268",34,""
0x0045D2B2,"Unwind@0045d2b2",8,""
0x0045D2D5,"Unwind@0045d2d5",8,""
0x0045D2F8,"Unwind@0045d2f8",11,""
0x0045D303,"Unwind@0045d303",11,""
0x0045D30E,"Unwind@0045d30e",11,""
0x0045D334,"Unwind@0045d334",11,""
0x0045D33F,"Unwind@0045d33f",11,""
0x0045D34A,"Unwind@0045d34a",11,""
0x0045D37D,"Unwind@0045d37d",9,""
0x0045D3A1,"Unwind@0045d3a1",11,""
0x0045D3CA,"Unwind@0045d3ca",11,""
0x0045D40E,"Unwind@0045d40e",8,""
0x0045D4B8,"Unwind@0045d4b8",8,""
0x0045D4C0,"Unwind@0045d4c0",11,""
0x0045D4CB,"Unwind@0045d4cb",11,""
0x0045D4D6,"Unwind@0045d4d6",8,""
0x0045D4F9,"Unwind@0045d4f9",9,""
0x0045D51D,"Unwind@0045d51d",8,""
0x0045D525,"Unwind@0045d525",11,""
0x0045D54B,"Unwind@0045d54b",8,""
0x0045D553,"Unwind@0045d553",8,""
0x0045D55B,"Unwind@0045d55b",11,""
0x0045D58E,"Unwind@0045d58e",8,""
0x0045D596,"Unwind@0045d596",8,""
0x0045D691,"Unwind@0045d691",8,""
0x0045D6B4,"Unwind@0045d6b4",8,""
0x0045D6D7,"Unwind@0045d6d7",8,""
0x0045D6FA,"Unwind@0045d6fa",8,""
0x0045D71D,"Unwind@0045d71d",8,""
0x0045D725,"Unwind@0045d725",8,""
0x0045D72D,"Unwind@0045d72d",8,""
0x0045D75A,"Unwind@0045d75a",9,""
0x0045D78B,"Unwind@0045d78b",8,""
0x0045D793,"Unwind@0045d793",8,""
0x0045D79B,"Unwind@0045d79b",8,""
0x0045D7BE,"Unwind@0045d7be",8,""
0x0045D7C6,"Unwind@0045d7c6",14,""
0x0045D7EF,"Unwind@0045d7ef",11,""
0x0045D815,"Unwind@0045d815",8,""
0x0045D81D,"Unwind@0045d81d",11,""
0x0045D828,"Unwind@0045d828",8,""
0x0045D830,"Unwind@0045d830",11,""
0x0045D83B,"Unwind@0045d83b",8,""
0x0045D843,"Unwind@0045d843",11,""
0x0045D84E,"Unwind@0045d84e",11,""
0x0045D859,"Unwind@0045d859",11,""
0x0045D864,"Unwind@0045d864",11,""
0x0045D86F,"Unwind@0045d86f",11,""
0x0045D87A,"Unwind@0045d87a",8,""
0x0045D882,"Unwind@0045d882",11,""
0x0045D88D,"Unwind@0045d88d",11,""
0x0045D898,"Unwind@0045d898",11,""
0x0045D8A3,"Unwind@0045d8a3",8,""
0x0045D8AB,"Unwind@0045d8ab",11,""
0x0045D8B6,"Unwind@0045d8b6",8,""
0x0045D8BE,"Unwind@0045d8be",11,""
0x0045D8F1,"Unwind@0045d8f1",8,""
0x0045D8F9,"Unwind@0045d8f9",8,""
0x0045D91C,"Unwind@0045d91c",8,""
0x0045D924,"Unwind@0045d924",14,""
0x0045D932,"Unwind@0045d932",14,""
0x0045D940,"Unwind@0045d940",8,""
0x0045D948,"Unwind@0045d948",8,""
0x0045D986,"Unwind@0045d986",8,""
0x0045D9A9,"Unwind@0045d9a9",8,""
0x0045D9CC,"Unwind@0045d9cc",8,""
0x0045D9D4,"Unwind@0045d9d4",11,""
0x0045D9DF,"Unwind@0045d9df",9,""
0x0045D9E8,"Unwind@0045d9e8",9,""
0x0045DA0C,"Unwind@0045da0c",11,""
0x0045DA35,"Unwind@0045da35",11,""
0x0045DA5B,"Unwind@0045da5b",8,""
0x0045DA7E,"Unwind@0045da7e",8,""
0x0045DA86,"Unwind@0045da86",8,""
0x0045DA8E,"Unwind@0045da8e",8,""
0x0045DA96,"Unwind@0045da96",8,""
0x0045DA9E,"Unwind@0045da9e",8,""
0x0045DAA6,"Unwind@0045daa6",8,""
0x0045DAAE,"Unwind@0045daae",8,""
0x0045DAB6,"Unwind@0045dab6",8,""
0x0045DABE,"Unwind@0045dabe",8,""
0x0045DAC6,"Unwind@0045dac6",8,""
0x0045DAE9,"Unwind@0045dae9",8,""
0x0045DAF1,"Unwind@0045daf1",8,""
0x0045DAF9,"Unwind@0045daf9",8,""
0x0045DB01,"Unwind@0045db01",8,""
0x0045DB09,"Unwind@0045db09",8,""
0x0045DB11,"Unwind@0045db11",8,""
0x0045DB19,"Unwind@0045db19",8,""
0x0045DB21,"Unwind@0045db21",8,""
0x0045DB29,"Unwind@0045db29",8,""
0x0045DB31,"Unwind@0045db31",8,""
0x0045DB39,"Unwind@0045db39",8,""
0x0045DB41,"Unwind@0045db41",8,""
0x0045DB49,"Unwind@0045db49",8,""
0x0045DB51,"Unwind@0045db51",8,""
0x0045DB59,"Unwind@0045db59",8,""
0x0045DB61,"Unwind@0045db61",8,""
0x0045DB69,"Unwind@0045db69",8,""
0x0045DB71,"Unwind@0045db71",8,""
0x0045DB79,"Unwind@0045db79",8,""
0x0045DB9C,"Unwind@0045db9c",8,""
0x0045DBA4,"Unwind@0045dba4",8,""
0x0045DBAC,"Unwind@0045dbac",8,""
0x0045DBB4,"Unwind@0045dbb4",8,""
0x0045DBD7,"Unwind@0045dbd7",11,""
0x0045DBE2,"Unwind@0045dbe2",11,""
0x0045DBED,"Unwind@0045dbed",11,""
0x0045DBF8,"Unwind@0045dbf8",11,""
0x0045DC03,"Unwind@0045dc03",11,""
0x0045DC36,"Unwind@0045dc36",8,""
0x0045DC3E,"Unwind@0045dc3e",8,""
0x0045DC61,"Unwind@0045dc61",9,""
0x0045DC85,"Unwind@0045dc85",9,""
0x0045DC8E,"Unwind@0045dc8e",9,""
0x0045DCCD,"Unwind@0045dccd",14,""
0x0045DCF6,"Unwind@0045dcf6",14,""
0x0045DD1F,"Unwind@0045dd1f",14,""
0x0045DD48,"Unwind@0045dd48",14,""
0x0045DD71,"Unwind@0045dd71",14,""
0x0045DD9A,"Unwind@0045dd9a",14,""
0x0045DDC3,"Unwind@0045ddc3",14,""
0x0045DDEC,"Unwind@0045ddec",14,""
0x0045DE15,"Unwind@0045de15",8,""
0x0045DE1D,"Unwind@0045de1d",11,""
0x0045DE43,"Unwind@0045de43",9,""
0x0045DE6A,"Unwind@0045de6a",8,""
0x0045DE72,"Unwind@0045de72",8,""
0x0045DE7A,"Unwind@0045de7a",8,""
0x0045DE82,"Unwind@0045de82",9,""
0x0045DEA9,"Unwind@0045dea9",8,""
0x0045DECC,"Unwind@0045decc",8,""
0x0045DEEF,"Unwind@0045deef",8,""
0x0045DF12,"Unwind@0045df12",8,""
0x0045DF35,"Unwind@0045df35",8,""
0x0045DF3D,"Unwind@0045df3d",8,""
0x0045DF6A,"Unwind@0045df6a",11,""
0x0045DF75,"Unwind@0045df75",11,""
0x0045DF80,"Unwind@0045df80",11,""
0x0045DFA6,"Unwind@0045dfa6",8,""
0x0045DFAE,"Unwind@0045dfae",14,""
0x0045DFD7,"Unwind@0045dfd7",11,""
0x0045DFE2,"Unwind@0045dfe2",17,""
0x0045E01B,"Unwind@0045e01b",8,""
0x0045E023,"Unwind@0045e023",8,""
0x0045E02B,"Unwind@0045e02b",8,""
0x0045E033,"Unwind@0045e033",8,""
0x0045E03B,"Unwind@0045e03b",14,""
0x0045E064,"Unwind@0045e064",8,""
0x0045E06C,"Unwind@0045e06c",8,""
0x0045E08F,"Unwind@0045e08f",8,""
0x0045E097,"Unwind@0045e097",8,""
0x0045E0BA,"Unwind@0045e0ba",8,""
0x0045E0C2,"Unwind@0045e0c2",8,""
0x0045E0CA,"Unwind@0045e0ca",8,""
0x0045E0D2,"Unwind@0045e0d2",8,""
0x0045E0F5,"Unwind@0045e0f5",8,""
0x0045E0FD,"Unwind@0045e0fd",8,""
0x0045E105,"Unwind@0045e105",8,""
0x0045E10D,"Unwind@0045e10d",8,""
0x0045E150,"Unwind@0045e150",8,""
0x0045E180,"Unwind@0045e180",8,""
0x0045E1B0,"Unwind@0045e1b0",8,""
0x0045E1E0,"Unwind@0045e1e0",11,""
0x0045E210,"Unwind@0045e210",11,""
0x0045E240,"Unwind@0045e240",10,""
0x0045E270,"Unwind@0045e270",8,""
0x0045E2A0,"Unwind@0045e2a0",10,""
0x0045E2AA,"Unwind@0045e2aa",8,""
0x0045E2D0,"Unwind@0045e2d0",10,""
0x0045E300,"Unwind@0045e300",8,""
0x0045E308,"Unwind@0045e308",11,""
0x0045E313,"Unwind@0045e313",14,""
0x0045E340,"Unwind@0045e340",8,""
0x0045E348,"Unwind@0045e348",11,""
0x0045E353,"Unwind@0045e353",11,""
0x0045E35E,"Unwind@0045e35e",14,""
0x0045E36C,"Unwind@0045e36c",14,""
0x0045E37A,"Unwind@0045e37a",14,""
0x0045E388,"Unwind@0045e388",14,""
0x0045E396,"Unwind@0045e396",14,""
0x0045E3A4,"Unwind@0045e3a4",14,""
0x0045E3B2,"Unwind@0045e3b2",14,""
0x0045E3C0,"Unwind@0045e3c0",14,""
0x0045E3CE,"Unwind@0045e3ce",14,""
0x0045E3DC,"Unwind@0045e3dc",14,""
0x0045E3EA,"Unwind@0045e3ea",14,""
0x0045E3F8,"Unwind@0045e3f8",14,""
0x0045E406,"Unwind@0045e406",14,""
0x0045E414,"Unwind@0045e414",14,""
0x0045E422,"Unwind@0045e422",14,""
0x0045E430,"Unwind@0045e430",14,""
0x0045E43E,"Unwind@0045e43e",14,""
0x0045E44C,"Unwind@0045e44c",14,""
0x0045E45A,"Unwind@0045e45a",14,""
0x0045E468,"Unwind@0045e468",14,""
0x0045E476,"Unwind@0045e476",14,""
0x0045E484,"Unwind@0045e484",14,""
0x0045E492,"Unwind@0045e492",14,""
0x0045E4A0,"Unwind@0045e4a0",14,""
0x0045E4AE,"Unwind@0045e4ae",14,""
0x0045E4BC,"Unwind@0045e4bc",14,""
0x0045E4CA,"Unwind@0045e4ca",14,""
0x0045E4D8,"Unwind@0045e4d8",14,""
0x0045E4E6,"Unwind@0045e4e6",14,""
0x0045E4F4,"Unwind@0045e4f4",14,""
0x0045E502,"Unwind@0045e502",14,""
0x0045E510,"Unwind@0045e510",14,""
0x0045E51E,"Unwind@0045e51e",14,""
0x0045E52C,"Unwind@0045e52c",14,""
0x0045E560,"Unwind@0045e560",8,""
0x0045E568,"Unwind@0045e568",11,""
0x0045E590,"Unwind@0045e590",8,""
0x0045E5C0,"Unwind@0045e5c0",8,""
0x0045E600,"Unwind@0045e600",8,""
0x0045E630,"Unwind@0045e630",8,""
0x0045E638,"Unwind@0045e638",11,""
0x0045E660,"Unwind@0045e660",8,""
0x0045E668,"Unwind@0045e668",8,""
0x0045E690,"Unwind@0045e690",25,""
0x0045E6D0,"Unwind@0045e6d0",25,""
0x0045E710,"Unwind@0045e710",8,""
0x0045E740,"Unwind@0045e740",8,""
0x0045E748,"Unwind@0045e748",8,""
0x0045E750,"Unwind@0045e750",8,""
0x0045E758,"Unwind@0045e758",8,""
0x0045E780,"Unwind@0045e780",19,""
0x0045E7B0,"Unwind@0045e7b0",8,""
0x0045E7B8,"Unwind@0045e7b8",8,""
0x0045E7C0,"Unwind@0045e7c0",8,""
0x0045E7F0,"Unwind@0045e7f0",11,""
0x0045E7FB,"Unwind@0045e7fb",11,""
0x0045E806,"Unwind@0045e806",11,""
0x0045E840,"Unwind@0045e840",8,""
0x0045E848,"Unwind@0045e848",8,""
0x0045E870,"Unwind@0045e870",8,""
0x0045E8A0,"Unwind@0045e8a0",8,""
0x0045E8A8,"Unwind@0045e8a8",11,""
0x0045E8D0,"Unwind@0045e8d0",8,""
0x0045E8D8,"Unwind@0045e8d8",8,""
0x0045E8E0,"Unwind@0045e8e0",8,""
0x0045E8E8,"Unwind@0045e8e8",8,""
0x0045E910,"Unwind@0045e910",8,""
0x0045E918,"Unwind@0045e918",11,""
0x0045E923,"Unwind@0045e923",14,""
0x0045E931,"Unwind@0045e931",14,""
0x0045E93F,"Unwind@0045e93f",14,""
0x0045E94D,"Unwind@0045e94d",14,""
0x0045E95B,"Unwind@0045e95b",14,""
0x0045E990,"Unwind@0045e990",8,""
0x0045E9C0,"Unwind@0045e9c0",8,""
0x0045E9F0,"Unwind@0045e9f0",8,""
0x0045E9F8,"Unwind@0045e9f8",25,""
0x0045EA11,"Unwind@0045ea11",14,""
0x0045EA1F,"Unwind@0045ea1f",27,""
0x0045EA60,"Unwind@0045ea60",8,""
0x0045EA90,"Unwind@0045ea90",8,""
0x0045EAC0,"Unwind@0045eac0",8,""
0x0045EAF0,"Unwind@0045eaf0",8,""
0x0045EAF8,"Unwind@0045eaf8",8,""
0x0045EB20,"Unwind@0045eb20",8,""
0x0045EB28,"Unwind@0045eb28",11,""
0x0045EB33,"Unwind@0045eb33",14,""
0x0045EB60,"Unwind@0045eb60",8,""
0x0045EBA0,"Unwind@0045eba0",8,""
0x0045EBA8,"Unwind@0045eba8",8,""
0x0045EBB0,"Unwind@0045ebb0",8,""
0x0045EBB8,"Unwind@0045ebb8",8,""
0x0045EBC0,"Unwind@0045ebc0",8,""
0x0045EBC8,"Unwind@0045ebc8",8,""
0x0045EBD0,"Unwind@0045ebd0",8,""
0x0045EBD8,"Unwind@0045ebd8",8,""
0x0045EBE0,"Unwind@0045ebe0",8,""
0x0045EBE8,"Unwind@0045ebe8",8,""
0x0045EBF0,"Unwind@0045ebf0",8,""
0x0045EBF8,"Unwind@0045ebf8",8,""
0x0045EC00,"Unwind@0045ec00",8,""
0x0045EC08,"Unwind@0045ec08",8,""
0x0045EC10,"Unwind@0045ec10",8,""
0x0045EC18,"Unwind@0045ec18",8,""
0x0045EC20,"Unwind@0045ec20",8,""
0x0045EC28,"Unwind@0045ec28",8,""
0x0045EC30,"Unwind@0045ec30",8,""
0x0045EC38,"Unwind@0045ec38",8,""
0x0045EC60,"Unwind@0045ec60",8,""
0x0045EC90,"Unwind@0045ec90",8,""
0x0045EC98,"Unwind@0045ec98",8,""
0x0045ECA0,"Unwind@0045eca0",8,""
0x0045ECD0,"Unwind@0045ecd0",8,""
0x0045ECD8,"Unwind@0045ecd8",8,""
0x0045ECE0,"Unwind@0045ece0",8,""
0x0045ED10,"Unwind@0045ed10",8,""
0x0045ED18,"Unwind@0045ed18",8,""
0x0045ED20,"Unwind@0045ed20",8,""
0x0045ED50,"Unwind@0045ed50",8,""
0x0045ED58,"Unwind@0045ed58",8,""
0x0045ED60,"Unwind@0045ed60",8,""
0x0045ED90,"Unwind@0045ed90",8,""
0x0045ED98,"Unwind@0045ed98",8,""
0x0045EDA0,"Unwind@0045eda0",8,""
0x0045EDA8,"Unwind@0045eda8",8,""
0x0045EDB0,"Unwind@0045edb0",8,""
0x0045EDB8,"Unwind@0045edb8",8,""
0x0045EDC0,"Unwind@0045edc0",8,""
0x0045EDC8,"Unwind@0045edc8",8,""
0x0045EDF0,"Unwind@0045edf0",8,""
0x0045EDF8,"Unwind@0045edf8",8,""
0x0045EE00,"Unwind@0045ee00",8,""
0x0045EE08,"Unwind@0045ee08",8,""
0x0045EE30,"Unwind@0045ee30",19,""
0x0045EE60,"Unwind@0045ee60",22,""
0x0045EEA0,"Unwind@0045eea0",22,""
0x0045EEB6,"Unwind@0045eeb6",11,""
0x0045EEC1,"Unwind@0045eec1",11,""
0x0045EEF0,"Unwind@0045eef0",19,""
0x0045EF20,"Unwind@0045ef20",19,""
0x0045EF50,"Unwind@0045ef50",22,""
0x0045EF90,"Unwind@0045ef90",11,""
0x0045EFC0,"Unwind@0045efc0",8,""
0x0045EFF0,"Unwind@0045eff0",19,""
0x0045F020,"Unwind@0045f020",19,""
0x0045F033,"Unwind@0045f033",11,""
0x0045F03E,"Unwind@0045f03e",11,""
0x0045F070,"Unwind@0045f070",19,""
0x0045F0A0,"Unwind@0045f0a0",8,""
0x0045F0D0,"Unwind@0045f0d0",8,""
0x0045F0D8,"Unwind@0045f0d8",25,""
0x0045F0F1,"Unwind@0045f0f1",14,""
0x0045F0FF,"Unwind@0045f0ff",27,""
0x0045F11A,"Unwind@0045f11a",14,""
0x0045F150,"Unwind@0045f150",11,""
0x0045F15B,"Unwind@0045f15b",11,""
0x0045F190,"Unwind@0045f190",8,""
0x0045F1C0,"Unwind@0045f1c0",19,""
0x0045F1F0,"Unwind@0045f1f0",19,""
0x0045F220,"Unwind@0045f220",8,""
0x0045F228,"Unwind@0045f228",8,""
0x0045F230,"Unwind@0045f230",8,""
0x0045F260,"Unwind@0045f260",8,""
0x0045F290,"Unwind@0045f290",8,""
0x0045F298,"Unwind@0045f298",11,""
0x0045F2A3,"Unwind@0045f2a3",14,""
0x0045F2D0,"Unwind@0045f2d0",11,""
0x0045F2DB,"Unwind@0045f2db",11,""
0x0045F2E6,"Unwind@0045f2e6",11,""
0x0045F2F1,"Unwind@0045f2f1",11,""
0x0045F330,"Unwind@0045f330",11,""
0x0045F360,"Unwind@0045f360",11,""
0x0045F390,"Unwind@0045f390",11,""
0x0045F3C0,"Unwind@0045f3c0",11,""
0x0045F400,"Unwind@0045f400",11,""
0x0045F440,"Unwind@0045f440",11,""
0x0045F470,"Unwind@0045f470",11,""
0x0045F4A0,"Unwind@0045f4a0",11,""
0x0045F4D0,"Unwind@0045f4d0",11,""
0x0045F500,"Unwind@0045f500",11,""
0x0045F50B,"Unwind@0045f50b",11,""
0x0045F516,"Unwind@0045f516",11,""
0x0045F550,"Unwind@0045f550",8,""
0x0045F558,"Unwind@0045f558",25,""
0x0045F590,"Unwind@0045f590",11,""
0x0045F59B,"Unwind@0045f59b",11,""
0x0045F5A6,"Unwind@0045f5a6",11,""
0x0045F5B1,"Unwind@0045f5b1",11,""
0x0045F5BC,"Unwind@0045f5bc",11,""
0x0045F5C7,"Unwind@0045f5c7",11,""
0x0045F5D2,"Unwind@0045f5d2",11,""
0x0045F600,"Unwind@0045f600",11,""
0x0045F60B,"Unwind@0045f60b",11,""
0x0045F616,"Unwind@0045f616",11,""
0x0045F621,"Unwind@0045f621",11,""
0x0045F62C,"Unwind@0045f62c",11,""
0x0045F637,"Unwind@0045f637",11,""
0x0045F642,"Unwind@0045f642",11,""
0x0045F64D,"Unwind@0045f64d",11,""
0x0045F658,"Unwind@0045f658",11,""
0x0045F663,"Unwind@0045f663",11,""
0x0045F66E,"Unwind@0045f66e",11,""
0x0045F679,"Unwind@0045f679",11,""
0x0045F684,"Unwind@0045f684",11,""
0x0045F68F,"Unwind@0045f68f",11,""
0x0045F69A,"Unwind@0045f69a",11,""
0x0045F6A5,"Unwind@0045f6a5",11,""
0x0045F6B0,"Unwind@0045f6b0",11,""
0x0045F6BB,"Unwind@0045f6bb",11,""
0x0045F6C6,"Unwind@0045f6c6",11,""
0x0045F6D1,"Unwind@0045f6d1",11,""
0x0045F6DC,"Unwind@0045f6dc",11,""
0x0045F6E7,"Unwind@0045f6e7",11,""
0x0045F6F2,"Unwind@0045f6f2",11,""
0x0045F720,"Unwind@0045f720",11,""
0x0045F72B,"Unwind@0045f72b",11,""
0x0045F736,"Unwind@0045f736",11,""
0x0045F741,"Unwind@0045f741",11,""
0x0045F74C,"Unwind@0045f74c",11,""
0x0045F757,"Unwind@0045f757",11,""
0x0045F790,"Unwind@0045f790",8,""
0x0045F798,"Unwind@0045f798",11,""
0x0045F7A3,"Unwind@0045f7a3",11,""
0x0045F7AE,"Unwind@0045f7ae",14,""
0x0045F7BC,"Unwind@0045f7bc",14,""
0x0045F7CA,"Unwind@0045f7ca",14,""
0x0045F7D8,"Unwind@0045f7d8",14,""
0x0045F7E6,"Unwind@0045f7e6",14,""
0x0045F7F4,"Unwind@0045f7f4",14,""
0x0045F802,"Unwind@0045f802",14,""
0x0045F810,"Unwind@0045f810",14,""
0x0045F81E,"Unwind@0045f81e",14,""
0x0045F82C,"Unwind@0045f82c",14,""
0x0045F83A,"Unwind@0045f83a",14,""
0x0045F848,"Unwind@0045f848",14,""
0x0045F856,"Unwind@0045f856",14,""
0x0045F864,"Unwind@0045f864",14,""
0x0045F872,"Unwind@0045f872",14,""
0x0045F880,"Unwind@0045f880",14,""
0x0045F88E,"Unwind@0045f88e",14,""
0x0045F89C,"Unwind@0045f89c",14,""
0x0045F8AA,"Unwind@0045f8aa",14,""
0x0045F8B8,"Unwind@0045f8b8",14,""
0x0045F8C6,"Unwind@0045f8c6",14,""
0x0045F8D4,"Unwind@0045f8d4",14,""
0x0045F8E2,"Unwind@0045f8e2",14,""
0x0045F8F0,"Unwind@0045f8f0",14,""
0x0045F8FE,"Unwind@0045f8fe",14,""
0x0045F90C,"Unwind@0045f90c",14,""
0x0045F91A,"Unwind@0045f91a",14,""
0x0045F928,"Unwind@0045f928",14,""
0x0045F936,"Unwind@0045f936",14,""
0x0045F944,"Unwind@0045f944",14,""
0x0045F952,"Unwind@0045f952",14,""
0x0045F960,"Unwind@0045f960",14,""
0x0045F96E,"Unwind@0045f96e",14,""
0x0045F97C,"Unwind@0045f97c",14,""
0x0045F9B0,"Unwind@0045f9b0",11,""
0x0045F9BB,"Unwind@0045f9bb",11,""
0x0045F9C6,"Unwind@0045f9c6",11,""
0x0045F9D1,"Unwind@0045f9d1",11,""
0x0045F9DC,"Unwind@0045f9dc",11,""
0x0045F9E7,"Unwind@0045f9e7",11,""
0x0045F9F2,"Unwind@0045f9f2",11,""
0x0045F9FD,"Unwind@0045f9fd",11,""
0x0045FA30,"Unwind@0045fa30",11,""
0x0045FA3B,"Unwind@0045fa3b",11,""
0x0045FA46,"Unwind@0045fa46",11,""
0x0045FA51,"Unwind@0045fa51",11,""
0x0045FA5C,"Unwind@0045fa5c",11,""
0x0045FA67,"Unwind@0045fa67",11,""
0x0045FA72,"Unwind@0045fa72",11,""
0x0045FA7D,"Unwind@0045fa7d",11,""
0x0045FA88,"Unwind@0045fa88",11,""
0x0045FA93,"Unwind@0045fa93",11,""
0x0045FA9E,"Unwind@0045fa9e",11,""
0x0045FAA9,"Unwind@0045faa9",11,""
0x0045FAB4,"Unwind@0045fab4",11,""
0x0045FABF,"Unwind@0045fabf",11,""
0x0045FACA,"Unwind@0045faca",11,""
0x0045FAD5,"Unwind@0045fad5",11,""
0x0045FAE0,"Unwind@0045fae0",11,""
0x0045FAEB,"Unwind@0045faeb",11,""
0x0045FAF6,"Unwind@0045faf6",11,""
0x0045FB01,"Unwind@0045fb01",11,""
0x0045FB0C,"Unwind@0045fb0c",11,""
0x0045FB17,"Unwind@0045fb17",11,""
0x0045FB22,"Unwind@0045fb22",11,""
0x0045FB50,"Unwind@0045fb50",8,""
0x0045FB58,"Unwind@0045fb58",8,""
0x0045FB60,"Unwind@0045fb60",8,""
0x0045FB68,"Unwind@0045fb68",8,""
0x0045FB70,"Unwind@0045fb70",8,""
0x0045FB78,"Unwind@0045fb78",8,""
0x0045FB80,"Unwind@0045fb80",8,""
0x0045FB88,"Unwind@0045fb88",8,""
0x0045FB90,"Unwind@0045fb90",8,""
0x0045FB98,"Unwind@0045fb98",8,""
0x0045FBA0,"Unwind@0045fba0",8,""
0x0045FBD0,"Unwind@0045fbd0",8,""
0x0045FBD8,"Unwind@0045fbd8",11,""
0x0045FBE3,"Unwind@0045fbe3",14,""
0x0045FBF1,"Unwind@0045fbf1",14,""
0x0045FBFF,"Unwind@0045fbff",14,""
0x0045FC0D,"Unwind@0045fc0d",14,""
0x0045FC1B,"Unwind@0045fc1b",14,""
0x0045FC50,"Unwind@0045fc50",11,""
0x0045FC90,"Unwind@0045fc90",8,""
0x0045FCC0,"Unwind@0045fcc0",8,""
0x0045FCC8,"Unwind@0045fcc8",11,""
0x0045FCD3,"Unwind@0045fcd3",11,""
0x0045FD00,"Unwind@0045fd00",11,""
0x0045FD0B,"Unwind@0045fd0b",11,""
0x0045FD16,"Unwind@0045fd16",11,""
0x0045FD21,"Unwind@0045fd21",11,""
0x0045FD2C,"Unwind@0045fd2c",11,""
0x0045FD70,"Unwind@0045fd70",11,""
0x0045FDB0,"Unwind@0045fdb0",11,""
0x0045FDBB,"Unwind@0045fdbb",11,""
0x0045FE00,"Unwind@0045fe00",8,""
0x0045FE08,"Unwind@0045fe08",11,""
0x0045FE13,"Unwind@0045fe13",11,""
0x0045FE1E,"Unwind@0045fe1e",11,""
0x0045FE29,"Unwind@0045fe29",11,""
0x0045FE60,"Unwind@0045fe60",11,""
0x0045FE90,"Unwind@0045fe90",11,""
0x0045FED0,"Unwind@0045fed0",11,""
0x0045FEDB,"Unwind@0045fedb",11,""
0x0045FEE6,"Unwind@0045fee6",11,""
0x0045FEF1,"Unwind@0045fef1",11,""
0x0045FEFC,"Unwind@0045fefc",11,""
0x0045FF07,"Unwind@0045ff07",11,""
0x0045FF12,"Unwind@0045ff12",11,""
0x0045FF1D,"Unwind@0045ff1d",11,""
0x0045FF28,"Unwind@0045ff28",11,""
0x0045FF33,"Unwind@0045ff33",11,""
0x0045FF3E,"Unwind@0045ff3e",11,""
0x0045FF49,"Unwind@0045ff49",11,""
0x0045FF54,"Unwind@0045ff54",11,""
0x0045FF5F,"Unwind@0045ff5f",11,""
0x0046004D,"FUN_0046004d",43,""
0x00460310,"FUN_00460310",10,""
0x0046031A,"FUN_0046031a",11,""
0x00460325,"FUN_00460325",11,""
0x00460330,"FUN_00460330",11,""
0x0046033B,"FUN_0046033b",10,""
0x0046034F,"FUN_0046034f",10,""
0x00460359,"FUN_00460359",10,""
0x00460363,"FUN_00460363",10,""
0x0046036D,"FUN_0046036d",11,""
0x00460378,"FUN_00460378",11,""
0x00460383,"FUN_00460383",10,""
0x0046038D,"FUN_0046038d",10,""
0x00460397,"FUN_00460397",10,""
0x004603A1,"FUN_004603a1",10,""
0x004603AB,"FUN_004603ab",10,""
0x004603B5,"FUN_004603b5",10,""
0x004603BF,"FUN_004603bf",10,""
0x004603C9,"FUN_004603c9",10,""
0x004603D3,"FUN_004603d3",10,""
